customer_key,r_score,f_score,m_score,rfm_code,customer_segment
28814,3,3,3,333,Champions
29418,3,3,3,333,Champions
26875,3,3,3,333,Champions
28769,3,3,3,333,Champions
29520,3,3,3,333,Champions
29696,3,3,3,333,Champions
28639,3,3,3,333,Champions
27927,3,3,3,333,Champions
28879,3,3,3,333,Champions
30598,3,3,3,333,Champions
26495,3,3,3,333,Champions
27628,3,3,3,333,Champions
27378,3,3,3,333,Champions
27574,3,3,3,333,Champions
26575,3,3,3,333,Champions
26328,3,3,3,333,Champions
28456,3,3,3,333,Champions
30386,3,3,3,333,Champions
27594,3,3,3,333,Champions
27260,3,3,3,333,Champions
30076,3,3,3,333,Champions
29440,3,3,3,333,Champions
28637,3,3,3,333,Champions
29015,3,3,3,333,Champions
27540,3,3,3,333,Champions
29869,3,3,3,333,Champions
27576,3,3,3,333,Champions
26856,3,3,3,333,Champions
28641,3,3,3,333,Champions
26971,3,3,3,333,Champions
30137,3,3,3,333,Champions
30009,3,3,3,333,Champions
29323,3,3,3,333,Champions
29376,3,3,3,333,Champions
26934,3,3,3,333,Champions
27763,3,3,3,333,Champions
28442,3,3,3,333,Champions
28608,3,3,3,333,Champions
29921,3,3,3,333,Champions
30250,3,3,3,333,Champions
29928,3,3,3,333,Champions
27309,3,3,3,333,Champions
30268,3,3,3,333,Champions
27854,3,3,3,333,Champions
27373,3,3,3,333,Champions
28273,3,3,3,333,Champions
28920,3,3,3,333,Champions
28038,3,3,3,333,Champions
27044,3,3,3,333,Champions
28306,3,3,3,333,Champions
26471,3,3,3,333,Champions
29158,3,3,3,333,Champions
28994,3,3,3,333,Champions
28902,3,3,3,333,Champions
27610,3,3,3,333,Champions
29485,3,3,3,333,Champions
26458,3,3,3,333,Champions
29719,3,3,3,333,Champions
28119,3,3,3,333,Champions
26578,3,3,3,333,Champions
27570,3,3,3,333,Champions
27715,3,3,3,333,Champions
29420,3,3,3,333,Champions
28356,3,3,3,333,Champions
30347,3,3,3,333,Champions
26743,3,3,3,333,Champions
29421,3,3,3,333,Champions
28489,3,3,3,333,Champions
29861,3,3,3,333,Champions
30546,3,3,3,333,Champions
29273,3,3,3,333,Champions
29209,3,3,3,333,Champions
28451,3,3,3,333,Champions
28464,3,3,3,333,Champions
28360,3,3,3,333,Champions
30202,3,3,3,333,Champions
29832,3,3,3,333,Champions
30582,3,3,3,333,Champions
30173,3,3,3,333,Champions
28195,3,3,3,333,Champions
29629,3,3,3,333,Champions
30280,3,3,3,333,Champions
26299,3,3,3,333,Champions
30579,3,3,3,333,Champions
28998,3,3,3,333,Champions
27600,3,3,3,333,Champions
27837,3,3,3,333,Champions
29255,3,3,3,333,Champions
28359,3,3,3,333,Champions
27266,3,3,3,333,Champions
27059,3,3,3,333,Champions
27361,3,3,3,333,Champions
29780,3,3,3,333,Champions
29647,3,3,3,333,Champions
27228,3,3,3,333,Champions
26607,3,3,3,333,Champions
28467,3,3,3,333,Champions
29097,3,3,3,333,Champions
30322,3,3,3,333,Champions
26363,3,3,3,333,Champions
28527,3,3,3,333,Champions
26712,3,3,3,333,Champions
30226,3,3,3,333,Champions
26602,3,3,3,333,Champions
29900,3,3,3,333,Champions
26456,3,3,3,333,Champions
26889,3,3,3,333,Champions
26809,3,3,3,333,Champions
26801,3,3,3,333,Champions
30313,3,3,3,333,Champions
27702,3,3,3,333,Champions
27156,3,3,3,333,Champions
28886,3,3,3,333,Champions
30062,3,3,3,333,Champions
29713,3,3,3,333,Champions
26708,3,3,3,333,Champions
30222,3,3,3,333,Champions
27788,3,3,3,333,Champions
28789,3,3,3,333,Champions
26793,3,3,3,333,Champions
28264,3,3,3,333,Champions
29707,3,3,3,333,Champions
28817,3,3,3,333,Champions
27413,3,3,3,333,Champions
27183,3,3,3,333,Champions
28620,3,3,3,333,Champions
27229,3,3,3,333,Champions
27725,3,3,3,333,Champions
30519,3,3,3,333,Champions
27867,3,3,3,333,Champions
28248,3,3,3,333,Champions
28378,3,3,3,333,Champions
29677,3,3,3,333,Champions
28012,3,3,3,333,Champions
29943,3,3,3,333,Champions
27018,3,3,3,333,Champions
30150,3,3,3,333,Champions
29486,3,3,3,333,Champions
27558,3,3,3,333,Champions
27519,3,3,3,333,Champions
27581,3,3,3,333,Champions
26701,3,3,3,333,Champions
30394,3,3,3,333,Champions
27967,3,3,3,333,Champions
27793,3,3,3,333,Champions
26797,3,3,3,333,Champions
27029,3,3,3,333,Champions
27858,3,3,3,333,Champions
28760,3,3,3,333,Champions
26964,3,3,3,333,Champions
30627,3,3,3,333,Champions
27695,3,3,3,333,Champions
27346,3,3,3,333,Champions
28354,3,3,3,333,Champions
30318,3,3,3,333,Champions
26828,3,3,3,333,Champions
27504,3,3,3,333,Champions
29216,3,3,3,333,Champions
30301,3,3,3,333,Champions
28520,3,3,3,333,Champions
28841,3,3,3,333,Champions
28590,3,3,3,333,Champions
27025,3,3,3,333,Champions
27687,3,3,3,333,Champions
28085,3,3,3,333,Champions
26393,3,3,3,333,Champions
27010,3,3,3,333,Champions
26769,3,3,3,333,Champions
30080,3,3,3,333,Champions
26582,3,3,3,333,Champions
30047,3,3,3,333,Champions
27592,3,3,3,333,Champions
28473,3,3,3,333,Champions
28782,3,3,3,333,Champions
29609,3,3,3,333,Champions
26959,3,3,3,333,Champions
30330,3,3,3,333,Champions
26301,3,3,3,333,Champions
28305,3,3,3,333,Champions
29321,3,3,3,333,Champions
29085,3,3,3,333,Champions
29057,3,3,3,333,Champions
28497,3,3,3,333,Champions
29927,3,3,3,333,Champions
28669,3,3,3,333,Champions
29310,3,3,3,333,Champions
26389,3,3,3,333,Champions
28249,3,3,3,333,Champions
29351,3,3,3,333,Champions
28181,3,3,3,333,Champions
29495,3,3,3,333,Champions
28522,3,3,3,333,Champions
29717,3,3,3,333,Champions
27889,3,3,3,333,Champions
27142,3,3,3,333,Champions
28990,3,3,3,333,Champions
28772,3,3,3,333,Champions
26910,3,3,3,333,Champions
29432,3,3,3,333,Champions
27604,3,3,3,333,Champions
27459,3,3,3,333,Champions
28335,3,3,3,333,Champions
26826,3,3,3,333,Champions
28373,3,3,3,333,Champions
26338,3,3,3,333,Champions
28535,3,3,3,333,Champions
30134,3,3,3,333,Champions
28182,3,3,3,333,Champions
29803,3,3,3,333,Champions
27851,3,3,3,333,Champions
28185,3,3,3,333,Champions
30538,3,3,3,333,Champions
27281,3,3,3,333,Champions
28406,3,3,3,333,Champions
29465,3,3,3,333,Champions
29545,3,3,3,333,Champions
29115,3,3,3,333,Champions
26499,3,3,3,333,Champions
29160,3,3,3,333,Champions
28414,3,3,3,333,Champions
29309,3,3,3,333,Champions
27165,3,3,3,333,Champions
30130,3,3,3,333,Champions
27656,3,3,3,333,Champions
28082,3,3,3,333,Champions
27684,3,3,3,333,Champions
26847,3,3,3,333,Champions
27354,3,3,3,333,Champions
28766,3,3,3,333,Champions
27248,3,3,3,333,Champions
29682,3,3,3,333,Champions
26528,3,3,3,333,Champions
27343,3,3,3,333,Champions
29101,3,3,3,333,Champions
28452,3,3,3,333,Champions
27395,3,3,3,333,Champions
28851,3,3,3,333,Champions
26880,3,3,3,333,Champions
30158,3,3,3,333,Champions
27110,3,3,3,333,Champions
30373,3,3,3,333,Champions
30547,3,3,3,333,Champions
28233,3,3,3,333,Champions
27958,3,3,3,333,Champions
28510,3,3,3,333,Champions
29302,3,3,3,333,Champions
29590,3,3,3,333,Champions
26768,3,3,3,333,Champions
29587,3,3,3,333,Champions
28743,3,3,3,333,Champions
26334,3,3,3,333,Champions
28279,3,3,3,333,Champions
26455,3,3,3,333,Champions
28499,3,3,3,333,Champions
29871,3,3,3,333,Champions
28546,3,3,3,333,Champions
27515,3,3,3,333,Champions
28695,3,3,3,333,Champions
28176,3,3,3,333,Champions
26559,3,3,3,333,Champions
29177,3,3,3,333,Champions
28525,3,3,3,333,Champions
27197,3,3,3,333,Champions
28449,3,3,3,333,Champions
27490,3,3,3,333,Champions
30282,3,3,3,333,Champions
26741,3,3,3,333,Champions
28944,3,3,3,333,Champions
29267,3,3,3,333,Champions
30274,3,3,3,333,Champions
27873,3,3,3,333,Champions
26670,3,3,3,333,Champions
29153,3,3,3,333,Champions
26361,3,3,3,333,Champions
30075,3,3,3,333,Champions
28453,3,3,3,333,Champions
29350,3,3,3,333,Champions
28375,3,3,3,333,Champions
28541,3,3,3,333,Champions
27536,3,3,3,333,Champions
28919,3,3,3,333,Champions
27048,3,3,3,333,Champions
27206,3,3,3,333,Champions
27238,3,3,3,333,Champions
27365,3,3,3,333,Champions
29791,3,3,3,333,Champions
30284,3,3,3,333,Champions
29242,3,3,3,333,Champions
30179,3,3,3,333,Champions
26465,3,3,3,333,Champions
28280,3,3,3,333,Champions
26972,3,3,3,333,Champions
26997,3,3,3,333,Champions
27713,3,3,3,333,Champions
26566,3,3,3,333,Champions
28989,3,3,3,333,Champions
26695,3,3,3,333,Champions
28203,3,3,3,333,Champions
26496,3,3,3,333,Champions
26467,3,3,3,333,Champions
27796,3,3,3,333,Champions
28953,3,3,3,333,Champions
28299,3,3,3,333,Champions
29264,3,3,3,333,Champions
27480,3,3,3,333,Champions
28802,3,3,3,333,Champions
30415,3,3,3,333,Champions
27017,3,3,3,333,Champions
29362,3,3,3,333,Champions
30077,3,3,3,333,Champions
28571,3,3,3,333,Champions
29830,3,3,3,333,Champions
29042,3,3,3,333,Champions
29424,3,3,3,333,Champions
28405,3,3,3,333,Champions
27216,3,3,3,333,Champions
28900,3,3,3,333,Champions
27440,3,3,3,333,Champions
29826,3,3,3,333,Champions
28658,3,3,3,333,Champions
29490,3,3,3,333,Champions
29885,3,3,3,333,Champions
28726,3,3,3,333,Champions
28825,3,3,3,333,Champions
27579,3,3,3,333,Champions
28613,3,3,3,333,Champions
29631,3,3,3,333,Champions
29816,3,3,3,333,Champions
28189,3,3,3,333,Champions
28197,3,3,3,333,Champions
26626,3,3,3,333,Champions
28966,3,3,3,333,Champions
28393,3,3,3,333,Champions
30016,3,3,3,333,Champions
29579,3,3,3,333,Champions
28230,3,3,3,333,Champions
29425,3,3,3,333,Champions
27778,3,3,3,333,Champions
27241,3,3,3,333,Champions
28704,3,3,3,333,Champions
26631,3,3,3,333,Champions
27556,3,3,3,333,Champions
29426,3,3,3,333,Champions
30535,3,3,3,333,Champions
27333,3,3,3,333,Champions
26563,3,3,3,333,Champions
29524,3,3,3,333,Champions
30450,3,3,3,333,Champions
29124,3,3,3,333,Champions
29461,3,3,3,333,Champions
30181,3,3,3,333,Champions
26596,3,3,3,333,Champions
27002,3,3,3,333,Champions
27307,3,3,3,333,Champions
28793,3,3,3,333,Champions
28376,3,3,3,333,Champions
26904,3,3,3,333,Champions
26642,3,3,3,333,Champions
29280,3,3,3,333,Champions
27442,3,3,3,333,Champions
26580,3,3,3,333,Champions
29819,3,3,3,333,Champions
27107,3,3,3,333,Champions
28436,3,3,3,333,Champions
26414,3,3,3,333,Champions
29888,3,3,3,333,Champions
26481,3,3,3,333,Champions
27583,3,3,3,333,Champions
29829,3,3,3,333,Champions
29989,3,3,3,333,Champions
28476,3,3,3,333,Champions
27597,3,3,3,333,Champions
30008,3,3,3,333,Champions
28730,3,3,3,333,Champions
29544,3,3,3,333,Champions
28011,3,3,3,333,Champions
27797,3,3,3,333,Champions
29098,3,3,3,333,Champions
29076,3,3,3,333,Champions
29497,3,3,3,333,Champions
29655,3,3,3,333,Champions
27686,3,3,3,333,Champions
28260,3,3,3,333,Champions
29691,3,3,3,333,Champions
30317,3,3,3,333,Champions
30290,3,3,3,333,Champions
28033,3,3,3,333,Champions
27314,3,3,3,333,Champions
28987,3,3,3,333,Champions
26618,3,3,3,333,Champions
26673,3,3,3,333,Champions
29373,3,3,3,333,Champions
29150,3,3,3,333,Champions
29660,3,3,3,333,Champions
27925,3,3,3,333,Champions
26534,3,3,3,333,Champions
27599,3,3,3,333,Champions
29458,3,3,3,333,Champions
27805,3,3,3,333,Champions
27082,3,3,3,333,Champions
27802,3,3,3,333,Champions
28045,3,3,3,333,Champions
27529,3,3,3,333,Champions
30054,3,3,3,333,Champions
27205,3,3,3,333,Champions
27389,3,3,3,333,Champions
27106,3,3,3,333,Champions
28812,3,3,3,333,Champions
28258,3,3,3,333,Champions
30469,3,3,3,333,Champions
28589,3,3,3,333,Champions
28256,3,3,3,333,Champions
29765,3,3,3,333,Champions
29072,3,3,3,333,Champions
26274,3,3,3,333,Champions
27406,3,3,3,333,Champions
30078,3,3,3,333,Champions
27786,3,3,3,333,Champions
28112,3,3,3,333,Champions
27449,3,3,3,333,Champions
28007,3,3,3,333,Champions
29481,3,3,3,333,Champions
26680,3,3,3,333,Champions
27590,3,3,3,333,Champions
29987,3,3,3,333,Champions
29247,3,3,3,333,Champions
29013,3,3,3,333,Champions
30057,3,3,3,333,Champions
28561,3,3,3,333,Champions
30369,3,3,3,333,Champions
28723,3,3,3,333,Champions
30200,3,3,3,333,Champions
26671,3,3,3,333,Champions
28855,3,3,3,333,Champions
29035,3,3,3,333,Champions
27870,3,3,3,333,Champions
28822,3,3,3,333,Champions
30152,3,3,3,333,Champions
27886,3,3,3,333,Champions
28068,3,3,3,333,Champions
28152,3,3,3,333,Champions
27968,3,3,3,333,Champions
28664,3,3,3,333,Champions
28167,3,3,3,333,Champions
29457,3,3,3,333,Champions
30343,3,3,3,333,Champions
26603,3,3,3,333,Champions
28454,3,3,3,333,Champions
30517,3,3,3,333,Champions
28057,3,3,3,333,Champions
28439,3,3,3,333,Champions
29614,3,3,3,333,Champions
29639,3,3,3,333,Champions
27303,3,3,3,333,Champions
29399,3,3,3,333,Champions
27993,3,3,3,333,Champions
28084,3,3,3,333,Champions
30490,3,3,3,333,Champions
30320,3,3,3,333,Champions
27926,3,3,3,333,Champions
29860,3,3,3,333,Champions
26908,3,3,3,333,Champions
30599,3,3,3,333,Champions
28111,3,3,3,333,Champions
27463,3,3,3,333,Champions
28074,3,3,3,333,Champions
26381,3,3,3,333,Champions
29591,3,3,3,333,Champions
29010,3,3,3,333,Champions
27478,3,3,3,333,Champions
30185,3,3,3,333,Champions
28858,3,3,3,333,Champions
29402,3,3,3,333,Champions
30474,3,3,3,333,Champions
27776,3,3,3,333,Champions
29412,3,3,3,333,Champions
26462,3,3,3,333,Champions
26697,3,3,3,333,Champions
26909,3,3,3,333,Champions
27798,3,3,3,333,Champions
29600,3,3,3,333,Champions
27038,3,3,3,333,Champions
27300,3,3,3,333,Champions
28485,3,3,3,333,Champions
26839,3,3,3,333,Champions
29978,3,3,3,333,Champions
26755,3,3,3,333,Champions
29628,3,3,3,333,Champions
26469,3,3,3,333,Champions
30463,3,3,3,333,Champions
29379,3,3,3,333,Champions
29270,3,3,3,333,Champions
30303,3,3,3,333,Champions
27015,3,3,3,333,Champions
27736,3,3,3,333,Champions
28754,3,3,3,333,Champions
26640,3,3,3,333,Champions
28448,3,3,3,333,Champions
26374,3,3,3,333,Champions
28644,3,3,3,333,Champions
28781,3,3,3,333,Champions
29752,3,3,3,333,Champions
29142,3,3,3,333,Champions
26355,3,3,3,333,Champions
28226,3,3,3,333,Champions
29668,3,3,3,333,Champions
27710,3,3,3,333,Champions
27079,3,3,3,333,Champions
28640,3,3,3,333,Champions
30103,3,3,3,333,Champions
27533,3,3,3,333,Champions
29859,3,3,3,333,Champions
29084,3,3,3,333,Champions
27166,3,3,3,333,Champions
28412,3,3,3,333,Champions
30283,3,3,3,333,Champions
27371,3,3,3,333,Champions
30391,3,3,3,333,Champions
28729,3,3,3,333,Champions
30093,3,3,3,333,Champions
27104,3,3,3,333,Champions
28435,3,3,3,333,Champions
29533,3,3,3,333,Champions
26762,3,3,3,333,Champions
28067,3,3,3,333,Champions
29784,3,3,3,333,Champions
28813,3,3,3,333,Champions
27036,3,3,3,333,Champions
26452,3,3,3,333,Champions
27890,3,3,3,333,Champions
28836,3,3,3,333,Champions
26918,3,3,3,333,Champions
27209,3,3,3,333,Champions
29606,3,3,3,333,Champions
29080,3,3,3,333,Champions
29483,3,3,3,333,Champions
26714,3,3,3,333,Champions
29948,3,3,3,333,Champions
27831,3,3,3,333,Champions
26815,3,3,3,333,Champions
29755,3,3,3,333,Champions
27487,3,3,3,333,Champions
29123,3,3,3,333,Champions
28773,3,3,3,333,Champions
28358,3,3,3,333,Champions
27199,3,3,3,333,Champions
29615,3,3,3,333,Champions
28323,3,3,3,333,Champions
30307,3,3,3,333,Champions
29354,3,3,3,333,Champions
28123,3,3,3,333,Champions
29758,3,3,3,333,Champions
30409,3,3,3,333,Champions
28659,3,3,3,333,Champions
30017,3,3,3,333,Champions
27729,3,3,3,333,Champions
30427,3,3,3,333,Champions
29081,3,3,3,333,Champions
28963,3,3,3,333,Champions
28674,3,3,3,333,Champions
29745,3,3,3,333,Champions
28369,3,3,3,333,Champions
27320,3,3,3,333,Champions
29265,3,3,3,333,Champions
29288,3,3,3,333,Champions
26735,3,3,3,333,Champions
28716,3,3,3,333,Champions
29311,3,3,3,333,Champions
29571,3,3,3,333,Champions
28687,3,3,3,333,Champions
26405,3,3,3,333,Champions
28158,3,3,3,333,Champions
28996,3,3,3,333,Champions
28863,3,3,3,333,Champions
28229,3,3,3,333,Champions
27655,3,3,3,333,Champions
28540,3,3,3,333,Champions
29021,3,3,3,333,Champions
26407,3,3,3,333,Champions
27369,3,3,3,333,Champions
30035,3,3,3,333,Champions
27630,3,3,3,333,Champions
29305,3,3,3,333,Champions
30549,3,3,3,333,Champions
30308,3,3,3,333,Champions
27567,3,3,3,333,Champions
28285,3,3,3,333,Champions
27665,3,3,3,333,Champions
28218,3,3,3,333,Champions
29437,3,3,3,333,Champions
26936,3,3,3,333,Champions
28272,3,3,3,333,Champions
26620,3,3,3,333,Champions
26825,3,3,3,333,Champions
27455,3,3,3,333,Champions
29113,3,3,3,333,Champions
30329,3,3,3,333,Champions
30051,3,3,3,333,Champions
28283,3,3,3,333,Champions
26554,3,3,3,333,Champions
27491,3,3,3,333,Champions
26956,3,3,3,333,Champions
27224,3,3,3,333,Champions
30441,3,3,3,333,Champions
30298,3,3,3,333,Champions
28667,3,3,3,333,Champions
27603,3,3,3,333,Champions
28573,3,3,3,333,Champions
27497,3,3,3,333,Champions
28088,3,3,3,333,Champions
28481,3,3,3,333,Champions
30472,3,3,3,333,Champions
26340,3,3,3,333,Champions
30244,3,3,3,333,Champions
26806,3,3,3,333,Champions
27231,3,3,3,333,Champions
29006,3,3,3,333,Champions
27508,3,3,3,333,Champions
29788,3,3,3,333,Champions
28591,3,3,3,333,Champions
26526,3,3,3,333,Champions
26824,3,3,3,333,Champions
28689,3,3,3,333,Champions
28576,3,3,3,333,Champions
28734,3,3,3,333,Champions
30149,3,3,3,333,Champions
29777,3,3,3,333,Champions
27738,3,3,3,333,Champions
30403,3,3,3,333,Champions
27253,3,3,3,333,Champions
29245,3,3,3,333,Champions
29090,3,3,3,333,Champions
27153,3,3,3,333,Champions
28838,3,3,3,333,Champions
29568,3,3,3,333,Champions
30073,3,3,3,333,Champions
28692,3,3,3,333,Champions
30024,3,3,3,333,Champions
30354,3,3,3,333,Champions
26785,3,3,3,333,Champions
28495,3,3,3,333,Champions
26893,3,3,3,333,Champions
27288,3,3,3,333,Champions
27743,3,3,3,333,Champions
30407,3,3,3,333,Champions
28429,3,3,3,333,Champions
28719,3,3,3,333,Champions
29705,3,3,3,333,Champions
29156,3,3,3,333,Champions
27523,3,3,3,333,Champions
28615,3,3,3,333,Champions
28094,3,3,3,333,Champions
26822,3,3,3,333,Champions
29045,3,3,3,333,Champions
26881,3,3,3,333,Champions
28018,3,3,3,333,Champions
27527,3,3,3,333,Champions
29028,3,3,3,333,Champions
29078,3,3,3,333,Champions
28091,3,3,3,333,Champions
29684,3,3,3,333,Champions
27172,3,3,3,333,Champions
28749,3,3,3,333,Champions
28098,3,3,3,333,Champions
28713,3,3,3,333,Champions
27386,3,3,3,333,Champions
28090,3,3,3,333,Champions
28950,3,3,3,333,Champions
26663,3,3,3,333,Champions
28834,3,3,3,333,Champions
28693,3,3,3,333,Champions
30559,3,3,3,333,Champions
30326,3,3,3,333,Champions
28217,3,3,3,333,Champions
28603,3,3,3,333,Champions
26622,3,3,3,333,Champions
26422,3,3,3,333,Champions
26403,3,3,3,333,Champions
28350,3,3,3,333,Champions
27730,3,3,3,333,Champions
29202,3,3,3,333,Champions
27202,3,3,3,333,Champions
27379,3,3,3,333,Champions
28149,3,3,3,333,Champions
27306,3,3,3,333,Champions
28844,3,3,3,333,Champions
27848,3,3,3,333,Champions
30315,3,3,3,333,Champions
29862,3,3,3,333,Champions
27876,3,3,3,333,Champions
29730,3,3,3,333,Champions
30266,3,3,3,333,Champions
28385,3,3,3,333,Champions
30323,3,3,3,333,Champions
26810,3,3,3,333,Champions
27901,3,3,3,333,Champions
30460,3,3,3,333,Champions
28691,3,3,3,333,Champions
30528,3,3,3,333,Champions
28621,3,3,3,333,Champions
30541,3,3,3,333,Champions
28780,3,3,3,333,Champions
28916,3,3,3,333,Champions
27182,3,3,3,333,Champions
27128,3,3,3,333,Champions
30031,3,3,3,333,Champions
29756,3,3,3,333,Champions
28110,3,3,3,333,Champions
29939,3,3,3,333,Champions
27486,3,3,3,333,Champions
26431,3,3,3,333,Champions
27621,3,3,3,333,Champions
27267,3,3,3,333,Champions
26285,3,3,3,333,Champions
27582,3,3,3,333,Champions
30108,3,3,3,333,Champions
30294,3,3,3,333,Champions
27690,3,3,3,333,Champions
30098,3,3,3,333,Champions
29151,3,3,3,333,Champions
29588,3,3,3,333,Champions
30287,3,3,3,333,Champions
29403,3,3,3,333,Champions
28493,3,3,3,333,Champions
28092,3,3,3,333,Champions
27272,3,3,3,333,Champions
29094,3,3,3,333,Champions
29754,3,3,3,333,Champions
27392,3,3,3,333,Champions
29773,3,3,3,333,Champions
28820,3,3,3,333,Champions
29334,3,3,3,333,Champions
30492,3,3,3,333,Champions
27818,3,3,3,333,Champions
29363,3,3,3,333,Champions
29435,3,3,3,333,Champions
29489,3,3,3,333,Champions
30634,3,3,3,333,Champions
28846,3,3,3,333,Champions
27935,3,3,3,333,Champions
30053,3,3,3,333,Champions
26472,3,3,3,333,Champions
29541,3,3,3,333,Champions
26970,3,3,3,333,Champions
27071,3,3,3,333,Champions
28881,3,3,3,333,Champions
28192,3,3,3,333,Champions
30036,3,3,3,333,Champions
27879,3,3,2,332,Champions
30065,3,3,2,332,Champions
30619,3,3,2,332,Champions
26279,3,3,2,332,Champions
26411,3,3,2,332,Champions
27420,3,3,2,332,Champions
30556,3,3,2,332,Champions
28661,3,3,2,332,Champions
29284,3,3,2,332,Champions
29325,3,3,2,332,Champions
29969,3,3,2,332,Champions
29580,3,3,2,332,Champions
26479,3,3,2,332,Champions
30630,3,3,2,332,Champions
28179,3,3,2,332,Champions
29996,3,3,2,332,Champions
29865,3,3,2,332,Champions
27133,3,3,2,332,Champions
29026,3,3,2,332,Champions
26564,3,3,2,332,Champions
29231,3,3,2,332,Champions
27370,3,3,2,332,Champions
29500,3,3,2,332,Champions
28753,3,3,2,332,Champions
29574,3,3,2,332,Champions
26391,3,3,2,332,Champions
28810,3,3,2,332,Champions
28127,3,3,2,332,Champions
30451,3,3,2,332,Champions
27494,3,3,2,332,Champions
27535,3,3,2,332,Champions
29234,3,3,2,332,Champions
26588,3,3,2,332,Champions
29251,3,3,2,332,Champions
28107,3,3,2,332,Champions
28008,3,3,2,332,Champions
27726,3,3,2,332,Champions
26800,3,3,2,332,Champions
27050,3,3,2,332,Champions
26587,3,3,2,332,Champions
28725,3,3,2,332,Champions
30610,3,3,2,332,Champions
27976,3,3,2,332,Champions
27645,3,3,2,332,Champions
27834,3,3,2,332,Champions
28319,3,3,2,332,Champions
26776,3,3,2,332,Champions
27383,3,3,2,332,Champions
27034,3,3,2,332,Champions
29845,3,3,2,332,Champions
26989,3,3,2,332,Champions
30042,3,3,2,332,Champions
27058,3,3,2,332,Champions
28537,3,3,2,332,Champions
29619,3,3,2,332,Champions
27875,3,3,2,332,Champions
26346,3,3,2,332,Champions
28377,3,3,2,332,Champions
29455,3,3,2,332,Champions
28365,3,3,2,332,Champions
29304,3,3,2,332,Champions
29529,3,3,2,332,Champions
30312,3,3,2,332,Champions
27252,3,3,2,332,Champions
29117,3,3,2,332,Champions
28959,3,3,2,332,Champions
27125,3,3,2,332,Champions
29212,3,3,2,332,Champions
28166,3,3,2,332,Champions
26493,3,3,2,332,Champions
26823,3,3,2,332,Champions
27151,3,3,2,332,Champions
28020,3,3,2,332,Champions
26384,3,3,2,332,Champions
30438,3,3,2,332,Champions
27427,3,3,2,332,Champions
28029,3,3,2,332,Champions
29578,3,3,2,332,Champions
26420,3,3,2,332,Champions
30094,3,3,2,332,Champions
29005,3,3,2,332,Champions
29119,3,3,2,332,Champions
28087,3,3,2,332,Champions
28298,3,3,2,332,Champions
27163,3,3,2,332,Champions
30522,3,3,2,332,Champions
27950,3,3,2,332,Champions
26730,3,3,2,332,Champions
29514,3,3,2,332,Champions
29109,3,3,2,332,Champions
30243,3,3,2,332,Champions
29896,3,3,2,332,Champions
28595,3,3,2,332,Champions
30208,3,3,2,332,Champions
29986,3,3,2,332,Champions
28628,3,3,2,332,Champions
29634,3,3,2,332,Champions
28762,3,3,2,332,Champions
27565,3,3,2,332,Champions
27512,3,3,2,332,Champions
29907,3,3,2,332,Champions
26440,3,3,2,332,Champions
28457,3,3,2,332,Champions
29038,3,3,2,332,Champions
26930,3,3,2,332,Champions
29908,3,3,2,332,Champions
27809,3,3,2,332,Champions
26426,3,3,2,332,Champions
29528,3,3,2,332,Champions
28180,3,3,2,332,Champions
30534,3,3,2,332,Champions
27719,3,3,2,332,Champions
29262,3,3,1,331,Champions
26760,3,3,1,331,Champions
29039,3,3,1,331,Champions
27593,3,3,1,331,Champions
28738,3,2,3,323,Potential Loyalists
26419,3,2,3,323,Potential Loyalists
29797,3,2,3,323,Potential Loyalists
26379,3,2,3,323,Potential Loyalists
27699,3,2,3,323,Potential Loyalists
26718,3,2,3,323,Potential Loyalists
27735,3,2,3,323,Potential Loyalists
27057,3,2,3,323,Potential Loyalists
27769,3,2,3,323,Potential Loyalists
26417,3,2,3,323,Potential Loyalists
28244,3,2,3,323,Potential Loyalists
28544,3,2,3,323,Potential Loyalists
28960,3,2,3,323,Potential Loyalists
26292,3,2,3,323,Potential Loyalists
29224,3,2,3,323,Potential Loyalists
29972,3,2,3,323,Potential Loyalists
26398,3,2,3,323,Potential Loyalists
29392,3,2,3,323,Potential Loyalists
28027,3,2,3,323,Potential Loyalists
28124,3,2,3,323,Potential Loyalists
26855,3,2,3,323,Potential Loyalists
29979,3,2,3,323,Potential Loyalists
28633,3,2,3,323,Potential Loyalists
27046,3,2,3,323,Potential Loyalists
29763,3,2,3,323,Potential Loyalists
30161,3,2,3,323,Potential Loyalists
26807,3,2,3,323,Potential Loyalists
27031,3,2,3,323,Potential Loyalists
28545,3,2,3,323,Potential Loyalists
26506,3,2,3,323,Potential Loyalists
26586,3,2,3,323,Potential Loyalists
27026,3,2,3,323,Potential Loyalists
29731,3,2,3,323,Potential Loyalists
27214,3,2,3,323,Potential Loyalists
28896,3,2,3,323,Potential Loyalists
28265,3,2,3,323,Potential Loyalists
27979,3,2,3,323,Potential Loyalists
28870,3,2,3,323,Potential Loyalists
28892,3,2,3,323,Potential Loyalists
28021,3,2,3,323,Potential Loyalists
28483,3,2,3,323,Potential Loyalists
30218,3,2,3,323,Potential Loyalists
29147,3,2,3,323,Potential Loyalists
26442,3,2,3,323,Potential Loyalists
26278,3,2,3,323,Potential Loyalists
27706,3,2,3,323,Potential Loyalists
29711,3,2,3,323,Potential Loyalists
30385,3,2,3,323,Potential Loyalists
30401,3,2,3,323,Potential Loyalists
27997,3,2,3,323,Potential Loyalists
30604,3,2,3,323,Potential Loyalists
26787,3,2,3,323,Potential Loyalists
28455,3,2,3,323,Potential Loyalists
29883,3,2,3,323,Potential Loyalists
26733,3,2,3,323,Potential Loyalists
27204,3,2,3,323,Potential Loyalists
27390,3,2,3,323,Potential Loyalists
30151,3,2,3,323,Potential Loyalists
30020,3,2,3,323,Potential Loyalists
29550,3,2,3,323,Potential Loyalists
27708,3,2,3,323,Potential Loyalists
28089,3,2,3,323,Potential Loyalists
27714,3,2,3,323,Potential Loyalists
30395,3,2,3,323,Potential Loyalists
27550,3,2,3,323,Potential Loyalists
27249,3,2,3,323,Potential Loyalists
26567,3,2,3,323,Potential Loyalists
29812,3,2,2,322,Potential Loyalists
27143,3,2,2,322,Potential Loyalists
28686,3,2,2,322,Potential Loyalists
30485,3,2,2,322,Potential Loyalists
30104,3,2,2,322,Potential Loyalists
27663,3,2,2,322,Potential Loyalists
28809,3,2,2,322,Potential Loyalists
26395,3,2,2,322,Potential Loyalists
30336,3,2,2,322,Potential Loyalists
29843,3,2,2,322,Potential Loyalists
27250,3,2,2,322,Potential Loyalists
27265,3,2,2,322,Potential Loyalists
30001,3,2,2,322,Potential Loyalists
28679,3,2,2,322,Potential Loyalists
29581,3,2,2,322,Potential Loyalists
30067,3,2,2,322,Potential Loyalists
30435,3,2,2,322,Potential Loyalists
27985,3,2,2,322,Potential Loyalists
28352,3,2,2,322,Potential Loyalists
26756,3,2,2,322,Potential Loyalists
28478,3,2,2,322,Potential Loyalists
28125,3,2,2,322,Potential Loyalists
29386,3,2,2,322,Potential Loyalists
28517,3,2,2,322,Potential Loyalists
29558,3,2,2,322,Potential Loyalists
28794,3,2,2,322,Potential Loyalists
29419,3,2,2,322,Potential Loyalists
30350,3,2,2,322,Potential Loyalists
27105,3,2,2,322,Potential Loyalists
29882,3,2,2,322,Potential Loyalists
30281,3,2,2,322,Potential Loyalists
28875,3,2,2,322,Potential Loyalists
27101,3,2,2,322,Potential Loyalists
29942,3,2,2,322,Potential Loyalists
27412,3,2,2,322,Potential Loyalists
29095,3,2,2,322,Potential Loyalists
29008,3,2,2,322,Potential Loyalists
29510,3,2,2,322,Potential Loyalists
27546,3,2,2,322,Potential Loyalists
27388,3,2,2,322,Potential Loyalists
26749,3,2,2,322,Potential Loyalists
28036,3,2,2,322,Potential Loyalists
27293,3,2,2,322,Potential Loyalists
27005,3,2,2,322,Potential Loyalists
30063,3,2,2,322,Potential Loyalists
28498,3,2,2,322,Potential Loyalists
26984,3,2,2,322,Potential Loyalists
29409,3,2,2,322,Potential Loyalists
27052,3,2,2,322,Potential Loyalists
29847,3,2,2,322,Potential Loyalists
29592,3,2,2,322,Potential Loyalists
29228,3,2,2,322,Potential Loyalists
27246,3,2,2,322,Potential Loyalists
29725,3,2,2,322,Potential Loyalists
26657,3,2,2,322,Potential Loyalists
26643,3,2,2,322,Potential Loyalists
27227,3,2,2,322,Potential Loyalists
28326,3,2,2,322,Potential Loyalists
29666,3,2,2,322,Potential Loyalists
27746,3,2,2,322,Potential Loyalists
29051,3,2,2,322,Potential Loyalists
26830,3,2,2,322,Potential Loyalists
28663,3,2,2,322,Potential Loyalists
28338,3,2,2,322,Potential Loyalists
29646,3,2,2,322,Potential Loyalists
26545,3,2,2,322,Potential Loyalists
30234,3,2,2,322,Potential Loyalists
28997,3,2,2,322,Potential Loyalists
27315,3,2,2,322,Potential Loyalists
27070,3,2,2,322,Potential Loyalists
27271,3,2,2,322,Potential Loyalists
28915,3,2,2,322,Potential Loyalists
28013,3,2,2,322,Potential Loyalists
30269,3,2,2,322,Potential Loyalists
26321,3,2,2,322,Potential Loyalists
26765,3,2,2,322,Potential Loyalists
28415,3,2,2,322,Potential Loyalists
28670,3,2,2,322,Potential Loyalists
30263,3,2,2,322,Potential Loyalists
26674,3,2,2,322,Potential Loyalists
29650,3,2,2,322,Potential Loyalists
29237,3,2,2,322,Potential Loyalists
27013,3,2,2,322,Potential Loyalists
27543,3,2,2,322,Potential Loyalists
26486,3,2,2,322,Potential Loyalists
28827,3,2,2,322,Potential Loyalists
29140,3,2,2,322,Potential Loyalists
26508,3,2,2,322,Potential Loyalists
28533,3,2,2,322,Potential Loyalists
27136,3,2,2,322,Potential Loyalists
27740,3,2,2,322,Potential Loyalists
26437,3,2,2,322,Potential Loyalists
27549,3,2,2,322,Potential Loyalists
27425,3,2,2,322,Potential Loyalists
27539,3,2,2,322,Potential Loyalists
29048,3,2,2,322,Potential Loyalists
27863,3,2,2,322,Potential Loyalists
29891,3,2,2,322,Potential Loyalists
27222,3,2,2,322,Potential Loyalists
27009,3,2,2,322,Potential Loyalists
29623,3,2,2,322,Potential Loyalists
27064,3,2,2,322,Potential Loyalists
27364,3,2,2,322,Potential Loyalists
27830,3,2,2,322,Potential Loyalists
29370,3,2,2,322,Potential Loyalists
30021,3,2,2,322,Potential Loyalists
30133,3,2,2,322,Potential Loyalists
29077,3,2,2,322,Potential Loyalists
29690,3,2,2,322,Potential Loyalists
26380,3,2,2,322,Potential Loyalists
29630,3,2,2,322,Potential Loyalists
29840,3,2,2,322,Potential Loyalists
26998,3,2,2,322,Potential Loyalists
28426,3,2,2,322,Potential Loyalists
29037,3,2,2,322,Potential Loyalists
29953,3,2,2,322,Potential Loyalists
29787,3,2,2,322,Potential Loyalists
28312,3,2,2,322,Potential Loyalists
30464,3,2,2,322,Potential Loyalists
28777,3,2,2,322,Potential Loyalists
28222,3,2,2,322,Potential Loyalists
28877,3,2,2,322,Potential Loyalists
26646,3,2,2,322,Potential Loyalists
28665,3,2,2,322,Potential Loyalists
26597,3,2,2,322,Potential Loyalists
29504,3,2,2,322,Potential Loyalists
27823,3,2,2,322,Potential Loyalists
28583,3,2,2,322,Potential Loyalists
30633,3,2,2,322,Potential Loyalists
29200,3,2,2,322,Potential Loyalists
26341,3,2,2,322,Potential Loyalists
30176,3,2,2,322,Potential Loyalists
29313,3,2,2,322,Potential Loyalists
27505,3,2,2,322,Potential Loyalists
29185,3,2,2,322,Potential Loyalists
29809,3,2,2,322,Potential Loyalists
28748,3,2,2,322,Potential Loyalists
30383,3,2,2,322,Potential Loyalists
28563,3,2,2,322,Potential Loyalists
27839,3,2,2,322,Potential Loyalists
27525,3,2,2,322,Potential Loyalists
27308,3,2,2,322,Potential Loyalists
30421,3,2,2,322,Potential Loyalists
29813,3,2,2,322,Potential Loyalists
26571,3,2,2,322,Potential Loyalists
29764,3,2,2,322,Potential Loyalists
30333,3,2,2,322,Potential Loyalists
26634,3,2,2,322,Potential Loyalists
29473,3,2,2,322,Potential Loyalists
28745,3,2,2,322,Potential Loyalists
27542,3,2,2,322,Potential Loyalists
27895,3,2,2,322,Potential Loyalists
29466,3,2,2,322,Potential Loyalists
28630,3,2,2,322,Potential Loyalists
27220,3,2,2,322,Potential Loyalists
28324,3,2,2,322,Potential Loyalists
26767,3,2,2,322,Potential Loyalists
27623,3,2,2,322,Potential Loyalists
26364,3,2,2,322,Potential Loyalists
28587,3,2,2,322,Potential Loyalists
29929,3,2,2,322,Potential Loyalists
27551,3,2,2,322,Potential Loyalists
29207,3,2,2,322,Potential Loyalists
27703,3,2,2,322,Potential Loyalists
27972,3,2,2,322,Potential Loyalists
26441,3,2,2,322,Potential Loyalists
26981,3,2,2,322,Potential Loyalists
29326,3,2,2,322,Potential Loyalists
27897,3,2,2,322,Potential Loyalists
27158,3,2,2,322,Potential Loyalists
27275,3,2,2,322,Potential Loyalists
29315,3,2,2,322,Potential Loyalists
26704,3,2,2,322,Potential Loyalists
29189,3,2,2,322,Potential Loyalists
26753,3,2,2,322,Potential Loyalists
28614,3,2,2,322,Potential Loyalists
26423,3,2,2,322,Potential Loyalists
28173,3,2,2,322,Potential Loyalists
30423,3,2,2,322,Potential Loyalists
28516,3,2,2,322,Potential Loyalists
28268,3,2,2,322,Potential Loyalists
27336,3,2,2,322,Potential Loyalists
28755,3,2,2,322,Potential Loyalists
29243,3,2,2,322,Potential Loyalists
30478,3,2,2,322,Potential Loyalists
26707,3,2,2,322,Potential Loyalists
27310,3,2,2,322,Potential Loyalists
30304,3,2,2,322,Potential Loyalists
29293,3,2,2,322,Potential Loyalists
28053,3,2,2,322,Potential Loyalists
26751,3,2,2,322,Potential Loyalists
29003,3,2,2,322,Potential Loyalists
28392,3,2,2,322,Potential Loyalists
26664,3,2,2,322,Potential Loyalists
29790,3,2,2,322,Potential Loyalists
29184,3,2,2,322,Potential Loyalists
26540,3,2,2,322,Potential Loyalists
27752,3,2,2,322,Potential Loyalists
28482,3,2,2,322,Potential Loyalists
30109,3,2,2,322,Potential Loyalists
28823,3,2,2,322,Potential Loyalists
26347,3,2,2,322,Potential Loyalists
29404,3,2,2,322,Potential Loyalists
29910,3,2,2,322,Potential Loyalists
29024,3,2,2,322,Potential Loyalists
27155,3,2,2,322,Potential Loyalists
28765,3,2,2,322,Potential Loyalists
27872,3,2,2,322,Potential Loyalists
28307,3,2,2,322,Potential Loyalists
27644,3,2,2,322,Potential Loyalists
28575,3,2,2,322,Potential Loyalists
30402,3,2,2,322,Potential Loyalists
29215,3,2,2,322,Potential Loyalists
27957,3,2,2,322,Potential Loyalists
28220,3,2,2,322,Potential Loyalists
26835,3,2,2,322,Potential Loyalists
27605,3,2,2,322,Potential Loyalists
28266,3,2,2,322,Potential Loyalists
29854,3,2,2,322,Potential Loyalists
29560,3,2,2,322,Potential Loyalists
28303,3,2,2,322,Potential Loyalists
26827,3,2,2,322,Potential Loyalists
27428,3,2,2,322,Potential Loyalists
28102,3,2,2,322,Potential Loyalists
29694,3,2,2,322,Potential Loyalists
29946,3,2,2,322,Potential Loyalists
28912,3,2,2,322,Potential Loyalists
28727,3,2,2,322,Potential Loyalists
28718,3,2,2,322,Potential Loyalists
28565,3,2,2,322,Potential Loyalists
26445,3,2,2,322,Potential Loyalists
28309,3,2,2,322,Potential Loyalists
26955,3,2,2,322,Potential Loyalists
30426,3,2,2,322,Potential Loyalists
28403,3,2,2,322,Potential Loyalists
26615,3,2,2,322,Potential Loyalists
29462,3,2,2,322,Potential Loyalists
29319,3,2,2,322,Potential Loyalists
27384,3,2,2,322,Potential Loyalists
28418,3,2,2,322,Potential Loyalists
28168,3,2,2,322,Potential Loyalists
29148,3,2,2,322,Potential Loyalists
30516,3,2,2,322,Potential Loyalists
27503,3,2,2,322,Potential Loyalists
27461,3,2,2,322,Potential Loyalists
29298,3,2,2,322,Potential Loyalists
27929,3,2,2,322,Potential Loyalists
27019,3,2,2,322,Potential Loyalists
30504,3,2,2,322,Potential Loyalists
28194,3,2,2,322,Potential Loyalists
27255,3,2,2,322,Potential Loyalists
28002,3,2,2,322,Potential Loyalists
28347,3,2,2,322,Potential Loyalists
29338,3,2,1,321,Potential Loyalists
29020,3,2,1,321,Potential Loyalists
27170,3,2,1,321,Potential Loyalists
26610,3,2,1,321,Potential Loyalists
29192,3,2,1,321,Potential Loyalists
27003,3,2,1,321,Potential Loyalists
29329,3,2,1,321,Potential Loyalists
28051,3,2,1,321,Potential Loyalists
26378,3,2,1,321,Potential Loyalists
28468,3,2,1,321,Potential Loyalists
28345,3,2,1,321,Potential Loyalists
27836,3,2,1,321,Potential Loyalists
28479,3,2,1,321,Potential Loyalists
29938,3,2,1,321,Potential Loyalists
28568,3,2,1,321,Potential Loyalists
28893,3,2,1,321,Potential Loyalists
26636,3,2,1,321,Potential Loyalists
27586,3,2,1,321,Potential Loyalists
29998,3,2,1,321,Potential Loyalists
28186,3,2,1,321,Potential Loyalists
27681,3,2,1,321,Potential Loyalists
29204,3,2,1,321,Potential Loyalists
30212,3,2,1,321,Potential Loyalists
29676,3,2,1,321,Potential Loyalists
26546,3,2,1,321,Potential Loyalists
28052,3,2,1,321,Potential Loyalists
27139,3,2,1,321,Potential Loyalists
27068,3,2,1,321,Potential Loyalists
27717,3,2,1,321,Potential Loyalists
27636,3,2,1,321,Potential Loyalists
27817,3,2,1,321,Potential Loyalists
26448,3,2,1,321,Potential Loyalists
27734,3,2,1,321,Potential Loyalists
29670,3,2,1,321,Potential Loyalists
27571,3,2,1,321,Potential Loyalists
30153,3,2,1,321,Potential Loyalists
28420,3,2,1,321,Potential Loyalists
26821,3,2,1,321,Potential Loyalists
29248,3,2,1,321,Potential Loyalists
29899,3,2,1,321,Potential Loyalists
30643,3,2,1,321,Potential Loyalists
28710,3,2,1,321,Potential Loyalists
30447,3,2,1,321,Potential Loyalists
28888,3,2,1,321,Potential Loyalists
29176,3,2,1,321,Potential Loyalists
29878,3,2,1,321,Potential Loyalists
26703,3,2,1,321,Potential Loyalists
27874,3,2,1,321,Potential Loyalists
26717,3,2,1,321,Potential Loyalists
26990,3,2,1,321,Potential Loyalists
29815,3,2,1,321,Potential Loyalists
27959,3,2,1,321,Potential Loyalists
26905,3,2,1,321,Potential Loyalists
27659,3,2,1,321,Potential Loyalists
26690,3,2,1,321,Potential Loyalists
27350,3,2,1,321,Potential Loyalists
26773,3,2,1,321,Potential Loyalists
27092,3,2,1,321,Potential Loyalists
28332,3,2,1,321,Potential Loyalists
27175,3,2,1,321,Potential Loyalists
27544,3,2,1,321,Potential Loyalists
26447,3,2,1,321,Potential Loyalists
28737,3,2,1,321,Potential Loyalists
28104,3,2,1,321,Potential Loyalists
28954,3,2,1,321,Potential Loyalists
27287,3,2,1,321,Potential Loyalists
30010,3,2,1,321,Potential Loyalists
28175,3,2,1,321,Potential Loyalists
29155,3,2,1,321,Potential Loyalists
28441,3,2,1,321,Potential Loyalists
29374,3,2,1,321,Potential Loyalists
28322,3,2,1,321,Potential Loyalists
28677,3,2,1,321,Potential Loyalists
29800,3,2,1,321,Potential Loyalists
29487,3,2,1,321,Potential Loyalists
26789,3,2,1,321,Potential Loyalists
26782,3,2,1,321,Potential Loyalists
29935,3,2,1,321,Potential Loyalists
30038,3,2,1,321,Potential Loyalists
29726,3,2,1,321,Potential Loyalists
30620,3,2,1,321,Potential Loyalists
30023,3,2,1,321,Potential Loyalists
30475,3,2,1,321,Potential Loyalists
30468,3,2,1,321,Potential Loyalists
29257,3,2,1,321,Potential Loyalists
27284,3,2,1,321,Potential Loyalists
27754,3,2,1,321,Potential Loyalists
29589,3,2,1,321,Potential Loyalists
27821,3,2,1,321,Potential Loyalists
29598,3,2,1,321,Potential Loyalists
27299,3,2,1,321,Potential Loyalists
29040,3,2,1,321,Potential Loyalists
30138,3,2,1,321,Potential Loyalists
26497,3,1,3,313,New Customers
28980,3,1,3,313,New Customers
26948,3,1,3,313,New Customers
30030,3,1,3,313,New Customers
27942,3,1,3,313,New Customers
29143,3,1,2,312,New Customers
29318,3,1,2,312,New Customers
26791,3,1,2,312,New Customers
27076,3,1,2,312,New Customers
29952,3,1,2,312,New Customers
29268,3,1,2,312,New Customers
28014,3,1,2,312,New Customers
26621,3,1,2,312,New Customers
27398,3,1,2,312,New Customers
30418,3,1,2,312,New Customers
30046,3,1,2,312,New Customers
30253,3,1,2,312,New Customers
29324,3,1,2,312,New Customers
27454,3,1,2,312,New Customers
30215,3,1,2,312,New Customers
27424,3,1,2,312,New Customers
26415,3,1,2,312,New Customers
27360,3,1,2,312,New Customers
26326,3,1,2,312,New Customers
29106,3,1,2,312,New Customers
30607,3,1,2,312,New Customers
28602,3,1,2,312,New Customers
27438,3,1,2,312,New Customers
26846,3,1,2,312,New Customers
28796,3,1,2,312,New Customers
30481,3,1,2,312,New Customers
26716,3,1,2,312,New Customers
28086,3,1,2,312,New Customers
26863,3,1,2,312,New Customers
28231,3,1,2,312,New Customers
29564,3,1,2,312,New Customers
30241,3,1,2,312,New Customers
28113,3,1,2,312,New Customers
28768,3,1,2,312,New Customers
27073,3,1,2,312,New Customers
29916,3,1,2,312,New Customers
27087,3,1,2,312,New Customers
26917,3,1,2,312,New Customers
26409,3,1,2,312,New Customers
26942,3,1,2,312,New Customers
27964,3,1,2,312,New Customers
29955,3,1,2,312,New Customers
28579,3,1,2,312,New Customers
29232,3,1,2,312,New Customers
28581,3,1,2,312,New Customers
29766,3,1,1,311,New Customers
29957,3,1,1,311,New Customers
27885,3,1,1,311,New Customers
26669,3,1,1,311,New Customers
29724,3,1,1,311,New Customers
30568,3,1,1,311,New Customers
26501,3,1,1,311,New Customers
27692,3,1,1,311,New Customers
27651,3,1,1,311,New Customers
26629,3,1,1,311,New Customers
26342,3,1,1,311,New Customers
28381,3,1,1,311,New Customers
30197,3,1,1,311,New Customers
30640,3,1,1,311,New Customers
28032,3,1,1,311,New Customers
28604,3,1,1,311,New Customers
29512,3,1,1,311,New Customers
27489,3,1,1,311,New Customers
27671,3,1,1,311,New Customers
27357,3,1,1,311,New Customers
28437,3,1,1,311,New Customers
27460,3,1,1,311,New Customers
27097,3,1,1,311,New Customers
30033,3,1,1,311,New Customers
29320,3,1,1,311,New Customers
28949,3,1,1,311,New Customers
29964,3,1,1,311,New Customers
29750,3,1,1,311,New Customers
30625,3,1,1,311,New Customers
30257,3,1,1,311,New Customers
29226,3,1,1,311,New Customers
28586,3,1,1,311,New Customers
27337,3,1,1,311,New Customers
30551,3,1,1,311,New Customers
26519,3,1,1,311,New Customers
28254,3,1,1,311,New Customers
27667,3,1,1,311,New Customers
30623,3,1,1,311,New Customers
28157,3,1,1,311,New Customers
28914,3,1,1,311,New Customers
28114,3,1,1,311,New Customers
26687,3,1,1,311,New Customers
27911,3,1,1,311,New Customers
29274,3,1,1,311,New Customers
27884,3,1,1,311,New Customers
30368,3,1,1,311,New Customers
29278,3,1,1,311,New Customers
30264,3,1,1,311,New Customers
30555,3,1,1,311,New Customers
30314,3,1,1,311,New Customers
28318,3,1,1,311,New Customers
29342,3,1,1,311,New Customers
28869,3,1,1,311,New Customers
29073,3,1,1,311,New Customers
28983,3,1,1,311,New Customers
27045,3,1,1,311,New Customers
28898,3,1,1,311,New Customers
26337,3,1,1,311,New Customers
28063,3,1,1,311,New Customers
29789,3,1,1,311,New Customers
30183,3,1,1,311,New Customers
29513,3,1,1,311,New Customers
29759,3,1,1,311,New Customers
26366,3,1,1,311,New Customers
26961,3,1,1,311,New Customers
26498,3,1,1,311,New Customers
29503,3,1,1,311,New Customers
27883,3,1,1,311,New Customers
29018,3,1,1,311,New Customers
28675,3,1,1,311,New Customers
28419,3,1,1,311,New Customers
28059,3,1,1,311,New Customers
29531,3,1,1,311,New Customers
27982,3,1,1,311,New Customers
27952,3,1,1,311,New Customers
28696,3,1,1,311,New Customers
27283,3,1,1,311,New Customers
26401,3,1,1,311,New Customers
26449,3,1,1,311,New Customers
26654,3,1,1,311,New Customers
29448,3,1,1,311,New Customers
29331,3,1,1,311,New Customers
30529,3,1,1,311,New Customers
28469,3,1,1,311,New Customers
28054,3,1,1,311,New Customers
29249,3,1,1,311,New Customers
27323,3,1,1,311,New Customers
27282,3,1,1,311,New Customers
30503,3,1,1,311,New Customers
27835,3,1,1,311,New Customers
27732,3,1,1,311,New Customers
30172,3,1,1,311,New Customers
29685,3,1,1,311,New Customers
27479,3,1,1,311,New Customers
30444,3,1,1,311,New Customers
30162,3,1,1,311,New Customers
29168,3,1,1,311,New Customers
26313,3,1,1,311,New Customers
27298,3,1,1,311,New Customers
29484,3,1,1,311,New Customers
28523,3,1,1,311,New Customers
26504,3,1,1,311,New Customers
28651,3,1,1,311,New Customers
26788,3,1,1,311,New Customers
28547,3,1,1,311,New Customers
26991,3,1,1,311,New Customers
29191,3,1,1,311,New Customers
29195,3,1,1,311,New Customers
26383,3,1,1,311,New Customers
30331,3,1,1,311,New Customers
26656,3,1,1,311,New Customers
29610,3,1,1,311,New Customers
28503,3,1,1,311,New Customers
27277,3,1,1,311,New Customers
30262,3,1,1,311,New Customers
30455,3,1,1,311,New Customers
28253,3,1,1,311,New Customers
30445,3,1,1,311,New Customers
29781,3,1,1,311,New Customers
26906,3,1,1,311,New Customers
28660,3,1,1,311,New Customers
29361,3,1,1,311,New Customers
28829,3,1,1,311,New Customers
30360,3,1,1,311,New Customers
27877,3,1,1,311,New Customers
27254,3,1,1,311,New Customers
27446,3,1,1,311,New Customers
29881,3,1,1,311,New Customers
29178,3,1,1,311,New Customers
27027,3,1,1,311,New Customers
26436,2,3,3,233,Loyal Customers
27149,2,3,3,233,Loyal Customers
29505,2,3,3,233,Loyal Customers
29193,2,3,3,233,Loyal Customers
26871,2,3,3,233,Loyal Customers
30225,2,3,3,233,Loyal Customers
26986,2,3,3,233,Loyal Customers
28871,2,3,3,233,Loyal Customers
28969,2,3,3,233,Loyal Customers
27301,2,3,3,233,Loyal Customers
26915,2,3,3,233,Loyal Customers
28795,2,3,3,233,Loyal Customers
29565,2,3,3,233,Loyal Customers
27948,2,3,3,233,Loyal Customers
28843,2,3,3,233,Loyal Customers
29381,2,3,3,233,Loyal Customers
29753,2,3,3,233,Loyal Customers
27998,2,3,3,233,Loyal Customers
27257,2,3,3,233,Loyal Customers
29735,2,3,3,233,Loyal Customers
28401,2,3,3,233,Loyal Customers
27482,2,3,3,233,Loyal Customers
27751,2,3,3,233,Loyal Customers
26371,2,3,3,233,Loyal Customers
28733,2,3,3,233,Loyal Customers
29017,2,3,3,233,Loyal Customers
26862,2,3,3,233,Loyal Customers
26766,2,3,3,233,Loyal Customers
28129,2,3,3,233,Loyal Customers
28961,2,3,3,233,Loyal Customers
27318,2,3,3,233,Loyal Customers
29822,2,3,3,233,Loyal Customers
28188,2,3,3,233,Loyal Customers
28566,2,3,3,233,Loyal Customers
29359,2,3,3,233,Loyal Customers
30334,2,3,3,233,Loyal Customers
30585,2,3,3,233,Loyal Customers
27813,2,3,3,233,Loyal Customers
29902,2,3,3,233,Loyal Customers
27946,2,3,3,233,Loyal Customers
26613,2,3,3,233,Loyal Customers
26583,2,3,3,233,Loyal Customers
29375,2,3,3,233,Loyal Customers
30602,2,3,3,233,Loyal Customers
30048,2,3,3,233,Loyal Customers
29149,2,3,3,233,Loyal Customers
26490,2,3,3,233,Loyal Customers
28072,2,3,3,233,Loyal Customers
26522,2,3,3,233,Loyal Customers
28599,2,3,3,233,Loyal Customers
27799,2,3,3,233,Loyal Customers
28407,2,3,3,233,Loyal Customers
27162,2,3,3,233,Loyal Customers
30439,2,3,3,233,Loyal Customers
27552,2,3,3,233,Loyal Customers
27450,2,3,3,233,Loyal Customers
27960,2,3,3,233,Loyal Customers
29807,2,3,3,233,Loyal Customers
30501,2,3,3,233,Loyal Customers
29798,2,3,3,233,Loyal Customers
27538,2,3,3,233,Loyal Customers
29874,2,3,3,233,Loyal Customers
28404,2,3,3,233,Loyal Customers
26589,2,3,3,233,Loyal Customers
26729,2,3,3,233,Loyal Customers
27622,2,3,3,233,Loyal Customers
30081,2,3,3,233,Loyal Customers
26877,2,3,3,233,Loyal Customers
30168,2,3,3,233,Loyal Customers
27792,2,3,3,233,Loyal Customers
28023,2,3,3,233,Loyal Customers
28798,2,3,3,233,Loyal Customers
27062,2,3,3,233,Loyal Customers
27368,2,3,3,233,Loyal Customers
30106,2,3,3,233,Loyal Customers
27773,2,3,3,233,Loyal Customers
30564,2,3,3,233,Loyal Customers
26579,2,3,3,233,Loyal Customers
29093,2,3,3,233,Loyal Customers
28618,2,3,3,233,Loyal Customers
30342,2,3,3,233,Loyal Customers
30480,2,3,3,233,Loyal Customers
30278,2,3,3,233,Loyal Customers
28031,2,3,3,233,Loyal Customers
27857,2,3,3,233,Loyal Customers
28425,2,3,3,233,Loyal Customers
29451,2,3,3,233,Loyal Customers
28645,2,3,3,233,Loyal Customers
30544,2,3,3,233,Loyal Customers
29236,2,3,3,233,Loyal Customers
29653,2,3,3,233,Loyal Customers
28160,2,3,3,233,Loyal Customers
28553,2,3,3,233,Loyal Customers
26639,2,3,3,233,Loyal Customers
29225,2,3,3,233,Loyal Customers
27192,2,3,3,233,Loyal Customers
26999,2,3,3,233,Loyal Customers
29443,2,3,3,233,Loyal Customers
27393,2,3,3,233,Loyal Customers
30479,2,3,3,233,Loyal Customers
29103,2,3,3,233,Loyal Customers
26885,2,3,3,233,Loyal Customers
30420,2,3,3,233,Loyal Customers
26764,2,3,3,233,Loyal Customers
27784,2,3,3,233,Loyal Customers
30629,2,3,3,233,Loyal Customers
26599,2,3,3,233,Loyal Customers
30091,2,3,3,233,Loyal Customers
29669,2,3,3,233,Loyal Customers
26557,2,3,3,233,Loyal Customers
27286,2,3,3,233,Loyal Customers
28799,2,3,3,233,Loyal Customers
29364,2,3,3,233,Loyal Customers
30482,2,3,3,233,Loyal Customers
26359,2,3,3,233,Loyal Customers
28255,2,3,3,233,Loyal Customers
26841,2,3,3,233,Loyal Customers
27765,2,3,3,233,Loyal Customers
27099,2,3,3,233,Loyal Customers
28148,2,3,3,233,Loyal Customers
28861,2,3,3,233,Loyal Customers
26796,2,3,3,233,Loyal Customers
26584,2,3,3,233,Loyal Customers
30006,2,3,3,233,Loyal Customers
29415,2,3,3,233,Loyal Customers
29413,2,3,3,233,Loyal Customers
26778,2,3,3,233,Loyal Customers
27939,2,3,3,233,Loyal Customers
26884,2,3,3,233,Loyal Customers
28389,2,3,3,233,Loyal Customers
27528,2,3,3,233,Loyal Customers
30143,2,3,3,233,Loyal Customers
28976,2,3,3,233,Loyal Customers
30296,2,3,3,233,Loyal Customers
28791,2,3,3,233,Loyal Customers
28721,2,3,3,233,Loyal Customers
26651,2,3,3,233,Loyal Customers
27495,2,3,3,233,Loyal Customers
28141,2,3,3,233,Loyal Customers
27828,2,3,3,233,Loyal Customers
29125,2,3,3,233,Loyal Customers
27941,2,3,3,233,Loyal Customers
27990,2,3,3,233,Loyal Customers
28026,2,3,3,233,Loyal Customers
27154,2,3,3,233,Loyal Customers
29746,2,3,3,233,Loyal Customers
26949,2,3,3,233,Loyal Customers
27444,2,3,3,233,Loyal Customers
26921,2,3,3,233,Loyal Customers
28884,2,3,3,233,Loyal Customers
30310,2,3,3,233,Loyal Customers
26558,2,3,3,233,Loyal Customers
26314,2,3,3,233,Loyal Customers
30086,2,3,3,233,Loyal Customers
29235,2,3,3,233,Loyal Customers
26333,2,3,3,233,Loyal Customers
27900,2,3,3,233,Loyal Customers
30523,2,3,3,233,Loyal Customers
30018,2,3,3,233,Loyal Customers
29805,2,3,3,233,Loyal Customers
30228,2,3,3,233,Loyal Customers
27264,2,3,3,233,Loyal Customers
29846,2,3,3,233,Loyal Customers
27492,2,3,3,233,Loyal Customers
28828,2,3,3,233,Loyal Customers
28761,2,3,3,233,Loyal Customers
27270,2,3,3,233,Loyal Customers
30473,2,3,3,233,Loyal Customers
27534,2,3,3,233,Loyal Customers
29732,2,3,3,233,Loyal Customers
30570,2,3,3,233,Loyal Customers
30249,2,3,3,233,Loyal Customers
29566,2,3,3,233,Loyal Customers
28741,2,3,3,233,Loyal Customers
27458,2,3,3,233,Loyal Customers
30498,2,3,3,233,Loyal Customers
28513,2,3,3,233,Loyal Customers
30353,2,3,3,233,Loyal Customers
27176,2,3,3,233,Loyal Customers
28151,2,3,3,233,Loyal Customers
27569,2,3,3,233,Loyal Customers
30254,2,3,3,233,Loyal Customers
26425,2,3,3,233,Loyal Customers
27657,2,3,3,233,Loyal Customers
28019,2,3,3,233,Loyal Customers
26689,2,3,3,233,Loyal Customers
30032,2,3,3,233,Loyal Customers
28118,2,3,3,233,Loyal Customers
28460,2,3,3,233,Loyal Customers
30015,2,3,3,233,Loyal Customers
29605,2,3,3,233,Loyal Customers
26941,2,3,3,233,Loyal Customers
27984,2,3,3,233,Loyal Customers
27144,2,3,3,233,Loyal Customers
28028,2,3,3,233,Loyal Customers
26485,2,3,3,233,Loyal Customers
26677,2,3,3,233,Loyal Customers
27221,2,3,3,233,Loyal Customers
27178,2,3,3,233,Loyal Customers
28117,2,3,3,233,Loyal Customers
26966,2,3,3,233,Loyal Customers
30578,2,3,3,233,Loyal Customers
27541,2,3,3,233,Loyal Customers
29744,2,3,3,233,Loyal Customers
30206,2,3,3,233,Loyal Customers
27674,2,3,3,233,Loyal Customers
28304,2,3,3,233,Loyal Customers
28423,2,3,3,233,Loyal Customers
30362,2,3,3,233,Loyal Customers
29934,2,3,3,233,Loyal Customers
26655,2,3,3,233,Loyal Customers
26286,2,3,3,233,Loyal Customers
30325,2,3,3,233,Loyal Customers
30437,2,3,3,233,Loyal Customers
27881,2,3,3,233,Loyal Customers
30178,2,3,3,233,Loyal Customers
27127,2,3,3,233,Loyal Customers
26926,2,3,3,233,Loyal Customers
27887,2,3,3,233,Loyal Customers
27016,2,3,3,233,Loyal Customers
30513,2,3,3,233,Loyal Customers
30405,2,3,3,233,Loyal Customers
27673,2,3,3,233,Loyal Customers
29683,2,3,3,233,Loyal Customers
29624,2,3,3,233,Loyal Customers
27150,2,3,3,233,Loyal Customers
28224,2,3,3,233,Loyal Customers
27496,2,3,3,233,Loyal Customers
28880,2,3,3,233,Loyal Customers
28325,2,3,3,233,Loyal Customers
27261,2,3,3,233,Loyal Customers
29322,2,3,3,233,Loyal Customers
27617,2,3,3,233,Loyal Customers
28887,2,3,3,233,Loyal Customers
27992,2,3,3,233,Loyal Customers
30324,2,3,3,233,Loyal Customers
27037,2,3,3,233,Loyal Customers
29572,2,3,3,233,Loyal Customers
26348,2,3,3,233,Loyal Customers
26315,2,3,3,233,Loyal Customers
28889,2,3,3,233,Loyal Customers
27338,2,3,3,233,Loyal Customers
29975,2,3,3,233,Loyal Customers
27012,2,3,3,233,Loyal Customers
27021,2,3,3,233,Loyal Customers
28673,2,3,3,233,Loyal Customers
30527,2,3,3,233,Loyal Customers
29967,2,3,3,233,Loyal Customers
27747,2,3,3,233,Loyal Customers
26665,2,3,3,233,Loyal Customers
30155,2,3,3,233,Loyal Customers
27864,2,3,3,233,Loyal Customers
29162,2,3,3,233,Loyal Customers
28876,2,3,3,233,Loyal Customers
27762,2,3,3,233,Loyal Customers
27269,2,3,3,233,Loyal Customers
29087,2,3,3,233,Loyal Customers
27724,2,3,3,233,Loyal Customers
29198,2,3,3,233,Loyal Customers
27709,2,3,3,233,Loyal Customers
28883,2,3,3,233,Loyal Customers
27093,2,3,3,233,Loyal Customers
27999,2,3,3,233,Loyal Customers
29161,2,3,3,233,Loyal Customers
28578,2,3,3,233,Loyal Customers
26963,2,3,3,233,Loyal Customers
26953,2,3,3,233,Loyal Customers
28623,2,3,3,233,Loyal Customers
27688,2,3,3,233,Loyal Customers
26976,2,3,3,233,Loyal Customers
26316,2,3,3,233,Loyal Customers
29700,2,3,3,233,Loyal Customers
27451,2,3,3,233,Loyal Customers
29434,2,3,3,233,Loyal Customers
29047,2,3,3,233,Loyal Customers
26890,2,3,3,233,Loyal Customers
27421,2,3,3,233,Loyal Customers
26516,2,3,3,233,Loyal Customers
29027,2,3,3,233,Loyal Customers
26510,2,3,3,233,Loyal Customers
29727,2,3,3,233,Loyal Customers
28518,2,3,3,233,Loyal Customers
26780,2,3,3,233,Loyal Customers
30066,2,3,3,233,Loyal Customers
29333,2,3,3,233,Loyal Customers
30068,2,3,3,233,Loyal Customers
26715,2,3,3,233,Loyal Customers
30554,2,3,3,233,Loyal Customers
27247,2,3,3,233,Loyal Customers
27915,2,3,3,233,Loyal Customers
27530,2,3,3,233,Loyal Customers
28078,2,3,3,233,Loyal Customers
28848,2,3,3,233,Loyal Customers
27627,2,3,3,233,Loyal Customers
29748,2,3,3,233,Loyal Customers
27437,2,3,3,233,Loyal Customers
27452,2,3,3,233,Loyal Customers
30493,2,3,3,233,Loyal Customers
27116,2,3,3,233,Loyal Customers
29199,2,3,3,233,Loyal Customers
27691,2,3,3,233,Loyal Customers
27000,2,3,3,233,Loyal Customers
27109,2,3,3,233,Loyal Customers
26306,2,3,3,233,Loyal Customers
26719,2,3,3,233,Loyal Customers
26965,2,3,3,233,Loyal Customers
27181,2,3,3,233,Loyal Customers
27611,2,3,3,233,Loyal Customers
28294,2,3,3,233,Loyal Customers
30156,2,3,3,233,Loyal Customers
27399,2,3,3,233,Loyal Customers
26957,2,3,3,233,Loyal Customers
28327,2,3,3,233,Loyal Customers
26541,2,3,3,233,Loyal Customers
26282,2,3,3,233,Loyal Customers
26310,2,3,3,233,Loyal Customers
27474,2,3,3,233,Loyal Customers
27916,2,3,3,233,Loyal Customers
28700,2,3,3,233,Loyal Customers
30515,2,3,3,233,Loyal Customers
30514,2,3,3,233,Loyal Customers
29182,2,3,3,233,Loyal Customers
26857,2,3,3,233,Loyal Customers
29347,2,3,3,233,Loyal Customers
27803,2,3,3,233,Loyal Customers
26691,2,3,3,233,Loyal Customers
29405,2,3,3,233,Loyal Customers
29112,2,3,3,233,Loyal Customers
27193,2,3,3,233,Loyal Customers
27190,2,3,3,233,Loyal Customers
26327,2,3,3,233,Loyal Customers
28349,2,3,3,233,Loyal Customers
28890,2,3,3,233,Loyal Customers
27262,2,3,3,233,Loyal Customers
28159,2,3,3,233,Loyal Customers
27330,2,3,3,233,Loyal Customers
28758,2,3,3,233,Loyal Customers
26576,2,3,3,233,Loyal Customers
28398,2,3,3,233,Loyal Customers
27770,2,3,3,233,Loyal Customers
29217,2,3,3,233,Loyal Customers
26903,2,3,3,233,Loyal Customers
27811,2,3,3,233,Loyal Customers
28632,2,3,3,233,Loyal Customers
28701,2,3,3,233,Loyal Customers
27447,2,3,3,233,Loyal Customers
27954,2,3,3,233,Loyal Customers
29760,2,3,3,233,Loyal Customers
30332,2,3,3,233,Loyal Customers
29561,2,3,3,233,Loyal Customers
28635,2,3,3,233,Loyal Customers
26947,2,3,3,233,Loyal Customers
30434,2,3,3,233,Loyal Customers
27619,2,3,3,233,Loyal Customers
27410,2,3,3,233,Loyal Customers
30064,2,3,3,233,Loyal Customers
28629,2,3,3,233,Loyal Customers
29430,2,3,3,233,Loyal Customers
30233,2,3,3,233,Loyal Customers
27332,2,3,3,233,Loyal Customers
28676,2,3,3,233,Loyal Customers
27761,2,3,3,233,Loyal Customers
28386,2,3,3,233,Loyal Customers
27218,2,3,3,233,Loyal Customers
28705,2,3,2,232,Loyal Customers
29599,2,3,2,232,Loyal Customers
30371,2,3,2,232,Loyal Customers
30027,2,3,2,232,Loyal Customers
30328,2,3,2,232,Loyal Customers
26307,2,3,2,232,Loyal Customers
26676,2,3,2,232,Loyal Customers
29889,2,3,2,232,Loyal Customers
27304,2,3,2,232,Loyal Customers
28763,2,3,2,232,Loyal Customers
27933,2,3,2,232,Loyal Customers
29959,2,3,2,232,Loyal Customers
30224,2,3,2,232,Loyal Customers
30210,2,3,2,232,Loyal Customers
30169,2,3,2,232,Loyal Customers
27457,2,3,2,232,Loyal Customers
29417,2,3,2,232,Loyal Customers
26795,2,3,2,232,Loyal Customers
29844,2,3,2,232,Loyal Customers
28077,2,3,2,232,Loyal Customers
29627,2,3,2,232,Loyal Customers
30561,2,3,2,232,Loyal Customers
28046,2,3,2,232,Loyal Customers
30448,2,3,2,232,Loyal Customers
30613,2,3,2,232,Loyal Customers
29947,2,3,2,232,Loyal Customers
29963,2,3,2,232,Loyal Customers
28800,2,3,2,232,Loyal Customers
26509,2,3,2,232,Loyal Customers
30084,2,3,2,232,Loyal Customers
29170,2,3,2,232,Loyal Customers
29661,2,3,2,232,Loyal Customers
27891,2,3,2,232,Loyal Customers
29796,2,3,2,232,Loyal Customers
30061,2,3,2,232,Loyal Customers
27328,2,3,2,232,Loyal Customers
26562,2,3,2,232,Loyal Customers
30102,2,3,2,232,Loyal Customers
30135,2,3,2,232,Loyal Customers
26630,2,3,2,232,Loyal Customers
28043,2,3,2,232,Loyal Customers
28709,2,3,2,232,Loyal Customers
27598,2,3,2,232,Loyal Customers
27860,2,3,2,232,Loyal Customers
29549,2,3,2,232,Loyal Customers
29872,2,3,2,232,Loyal Customers
29982,2,3,2,232,Loyal Customers
27832,2,3,2,232,Loyal Customers
29056,2,3,2,232,Loyal Customers
28079,2,3,2,232,Loyal Customers
29188,2,3,2,232,Loyal Customers
30548,2,3,2,232,Loyal Customers
28491,2,3,2,232,Loyal Customers
26410,2,3,2,232,Loyal Customers
26609,2,3,2,232,Loyal Customers
27526,2,3,2,232,Loyal Customers
26434,2,3,2,232,Loyal Customers
26324,2,3,2,232,Loyal Customers
29173,2,3,2,232,Loyal Customers
26660,2,3,2,232,Loyal Customers
26336,2,3,2,232,Loyal Customers
27647,2,3,2,232,Loyal Customers
27522,2,3,2,232,Loyal Customers
26404,2,3,2,232,Loyal Customers
30565,2,3,2,232,Loyal Customers
28050,2,3,2,232,Loyal Customers
27167,2,3,2,232,Loyal Customers
28936,2,3,2,232,Loyal Customers
28519,2,3,2,232,Loyal Customers
27675,2,3,2,232,Loyal Customers
26577,2,3,2,232,Loyal Customers
27407,2,3,2,232,Loyal Customers
30553,2,3,2,232,Loyal Customers
27561,2,3,2,232,Loyal Customers
30311,2,3,2,232,Loyal Customers
26912,2,3,2,232,Loyal Customers
26711,2,3,2,232,Loyal Customers
29612,2,3,2,232,Loyal Customers
30167,2,3,2,232,Loyal Customers
30270,2,3,2,232,Loyal Customers
28471,2,3,2,232,Loyal Customers
30436,2,3,2,232,Loyal Customers
28722,2,3,2,232,Loyal Customers
30456,2,3,2,232,Loyal Customers
28857,2,3,2,232,Loyal Customers
30302,2,3,1,231,Loyal Customers
29459,2,3,1,231,Loyal Customers
28190,2,2,3,223,Potential Loyalists
26678,2,2,3,223,Potential Loyalists
26624,2,2,3,223,Potential Loyalists
28172,2,2,3,223,Potential Loyalists
30586,2,2,3,223,Potential Loyalists
29317,2,2,3,223,Potential Loyalists
27326,2,2,3,223,Potential Loyalists
27771,2,2,3,223,Potential Loyalists
26468,2,2,3,223,Potential Loyalists
29543,2,2,3,223,Potential Loyalists
28662,2,2,3,223,Potential Loyalists
29229,2,2,3,223,Potential Loyalists
27563,2,2,3,223,Potential Loyalists
30521,2,2,3,223,Potential Loyalists
29968,2,2,3,223,Potential Loyalists
26593,2,2,3,223,Potential Loyalists
28684,2,2,3,223,Potential Loyalists
27237,2,2,3,223,Potential Loyalists
27311,2,2,3,223,Potential Loyalists
28320,2,2,3,223,Potential Loyalists
26748,2,2,3,223,Potential Loyalists
26931,2,2,3,223,Potential Loyalists
26698,2,2,3,223,Potential Loyalists
29145,2,2,3,223,Potential Loyalists
30618,2,2,3,223,Potential Loyalists
28288,2,2,3,223,Potential Loyalists
30430,2,2,3,223,Potential Loyalists
27278,2,2,3,223,Potential Loyalists
27331,2,2,3,223,Potential Loyalists
27268,2,2,3,223,Potential Loyalists
26922,2,2,3,223,Potential Loyalists
30213,2,2,3,223,Potential Loyalists
29449,2,2,3,223,Potential Loyalists
28275,2,2,3,223,Potential Loyalists
28221,2,2,3,223,Potential Loyalists
28143,2,2,3,223,Potential Loyalists
30305,2,2,3,223,Potential Loyalists
26484,2,2,3,223,Potential Loyalists
29638,2,2,3,223,Potential Loyalists
27347,2,2,3,223,Potential Loyalists
27032,2,2,3,223,Potential Loyalists
26883,2,2,3,223,Potential Loyalists
26662,2,2,3,223,Potential Loyalists
29372,2,2,3,223,Potential Loyalists
30229,2,2,3,223,Potential Loyalists
26480,2,2,3,223,Potential Loyalists
29913,2,2,3,223,Potential Loyalists
29806,2,2,3,223,Potential Loyalists
28364,2,2,3,223,Potential Loyalists
28646,2,2,3,223,Potential Loyalists
28926,2,2,3,223,Potential Loyalists
30576,2,2,3,223,Potential Loyalists
26611,2,2,3,223,Potential Loyalists
26818,2,2,3,223,Potential Loyalists
28668,2,2,3,223,Potential Loyalists
27707,2,2,3,223,Potential Loyalists
26478,2,2,3,223,Potential Loyalists
27914,2,2,3,223,Potential Loyalists
29499,2,2,3,223,Potential Loyalists
28003,2,2,3,223,Potential Loyalists
28184,2,2,3,223,Potential Loyalists
29699,2,2,3,223,Potential Loyalists
26649,2,2,3,223,Potential Loyalists
27417,2,2,3,223,Potential Loyalists
29734,2,2,3,223,Potential Loyalists
29252,2,2,3,223,Potential Loyalists
30092,2,2,3,223,Potential Loyalists
30096,2,2,3,223,Potential Loyalists
26832,2,2,3,223,Potential Loyalists
29956,2,2,3,223,Potential Loyalists
27907,2,2,3,223,Potential Loyalists
26530,2,2,3,223,Potential Loyalists
26429,2,2,3,223,Potential Loyalists
28797,2,2,3,223,Potential Loyalists
29397,2,2,3,223,Potential Loyalists
30396,2,2,3,223,Potential Loyalists
27841,2,2,3,223,Potential Loyalists
28336,2,2,3,223,Potential Loyalists
26317,2,2,3,223,Potential Loyalists
30487,2,2,3,223,Potential Loyalists
28263,2,2,3,223,Potential Loyalists
28666,2,2,3,223,Potential Loyalists
27653,2,2,3,223,Potential Loyalists
28472,2,2,3,223,Potential Loyalists
29506,2,2,3,223,Potential Loyalists
28770,2,2,3,223,Potential Loyalists
28259,2,2,3,223,Potential Loyalists
27468,2,2,3,223,Potential Loyalists
29079,2,2,3,223,Potential Loyalists
26803,2,2,3,223,Potential Loyalists
30531,2,2,3,223,Potential Loyalists
28775,2,2,2,222,Potential Loyalists
28142,2,2,2,222,Potential Loyalists
28434,2,2,2,222,Potential Loyalists
28746,2,2,2,222,Potential Loyalists
26752,2,2,2,222,Potential Loyalists
29041,2,2,2,222,Potential Loyalists
30562,2,2,2,222,Potential Loyalists
27943,2,2,2,222,Potential Loyalists
27120,2,2,2,222,Potential Loyalists
28942,2,2,2,222,Potential Loyalists
26433,2,2,2,222,Potential Loyalists
28291,2,2,2,222,Potential Loyalists
28004,2,2,2,222,Potential Loyalists
26329,2,2,2,222,Potential Loyalists
26681,2,2,2,222,Potential Loyalists
28165,2,2,2,222,Potential Loyalists
26372,2,2,2,222,Potential Loyalists
29211,2,2,2,222,Potential Loyalists
29820,2,2,2,222,Potential Loyalists
29068,2,2,2,222,Potential Loyalists
28672,2,2,2,222,Potential Loyalists
28216,2,2,2,222,Potential Loyalists
26505,2,2,2,222,Potential Loyalists
29107,2,2,2,222,Potential Loyalists
27755,2,2,2,222,Potential Loyalists
26513,2,2,2,222,Potential Loyalists
29720,2,2,2,222,Potential Loyalists
30392,2,2,2,222,Potential Loyalists
28446,2,2,2,222,Potential Loyalists
30364,2,2,2,222,Potential Loyalists
26573,2,2,2,222,Potential Loyalists
28097,2,2,2,222,Potential Loyalists
27928,2,2,2,222,Potential Loyalists
30288,2,2,2,222,Potential Loyalists
29621,2,2,2,222,Potential Loyalists
29905,2,2,2,222,Potential Loyalists
26993,2,2,2,222,Potential Loyalists
30186,2,2,2,222,Potential Loyalists
28396,2,2,2,222,Potential Loyalists
30113,2,2,2,222,Potential Loyalists
29312,2,2,2,222,Potential Loyalists
27502,2,2,2,222,Potential Loyalists
29538,2,2,2,222,Potential Loyalists
26950,2,2,2,222,Potential Loyalists
27596,2,2,2,222,Potential Loyalists
29608,2,2,2,222,Potential Loyalists
26924,2,2,2,222,Potential Loyalists
26907,2,2,2,222,Potential Loyalists
29814,2,2,2,222,Potential Loyalists
30471,2,2,2,222,Potential Loyalists
28075,2,2,2,222,Potential Loyalists
29870,2,2,2,222,Potential Loyalists
28130,2,2,2,222,Potential Loyalists
30251,2,2,2,222,Potential Loyalists
26477,2,2,2,222,Potential Loyalists
27744,2,2,2,222,Potential Loyalists
27259,2,2,2,222,Potential Loyalists
29400,2,2,2,222,Potential Loyalists
27902,2,2,2,222,Potential Loyalists
29152,2,2,2,222,Potential Loyalists
26742,2,2,2,222,Potential Loyalists
27845,2,2,2,222,Potential Loyalists
29922,2,2,2,222,Potential Loyalists
29960,2,2,2,222,Potential Loyalists
27240,2,2,2,222,Potential Loyalists
30219,2,2,2,222,Potential Loyalists
29154,2,2,2,222,Potential Loyalists
30236,2,2,2,222,Potential Loyalists
29992,2,2,2,222,Potential Loyalists
27962,2,2,2,222,Potential Loyalists
29583,2,2,2,222,Potential Loyalists
29837,2,2,2,222,Potential Loyalists
26944,2,2,2,222,Potential Loyalists
30489,2,2,2,222,Potential Loyalists
27112,2,2,2,222,Potential Loyalists
26746,2,2,2,222,Potential Loyalists
30367,2,2,2,222,Potential Loyalists
28792,2,2,2,222,Potential Loyalists
29698,2,2,2,222,Potential Loyalists
28925,2,2,2,222,Potential Loyalists
27022,2,2,2,222,Potential Loyalists
28849,2,2,2,222,Potential Loyalists
27117,2,2,2,222,Potential Loyalists
27212,2,2,2,222,Potential Loyalists
28049,2,2,2,222,Potential Loyalists
29230,2,2,2,222,Potential Loyalists
26473,2,2,2,222,Potential Loyalists
26416,2,2,2,222,Potential Loyalists
29856,2,2,2,222,Potential Loyalists
27130,2,2,2,222,Potential Loyalists
26710,2,2,2,222,Potential Loyalists
27063,2,2,2,222,Potential Loyalists
26635,2,2,2,222,Potential Loyalists
28612,2,2,2,222,Potential Loyalists
29009,2,2,2,222,Potential Loyalists
27953,2,2,2,222,Potential Loyalists
26325,2,2,2,222,Potential Loyalists
28818,2,2,2,222,Potential Loyalists
29534,2,2,2,222,Potential Loyalists
28607,2,2,2,222,Potential Loyalists
30252,2,2,2,222,Potential Loyalists
26360,2,2,2,222,Potential Loyalists
29060,2,2,2,222,Potential Loyalists
29577,2,2,2,222,Potential Loyalists
30142,2,2,2,222,Potential Loyalists
28526,2,2,2,222,Potential Loyalists
30272,2,2,2,222,Potential Loyalists
30381,2,2,2,222,Potential Loyalists
29102,2,2,2,222,Potential Loyalists
26750,2,2,2,222,Potential Loyalists
26638,2,2,2,222,Potential Loyalists
29336,2,2,2,222,Potential Loyalists
27923,2,2,2,222,Potential Loyalists
27243,2,2,2,222,Potential Loyalists
29494,2,2,2,222,Potential Loyalists
27696,2,2,2,222,Potential Loyalists
26547,2,2,2,222,Potential Loyalists
30416,2,2,2,222,Potential Loyalists
30428,2,2,2,222,Potential Loyalists
28353,2,2,2,222,Potential Loyalists
29244,2,2,2,222,Potential Loyalists
29582,2,2,2,222,Potential Loyalists
26843,2,2,2,222,Potential Loyalists
30509,2,2,2,222,Potential Loyalists
30238,2,2,2,222,Potential Loyalists
29240,2,2,2,222,Potential Loyalists
30299,2,2,2,222,Potential Loyalists
26702,2,2,2,222,Potential Loyalists
30147,2,2,2,222,Potential Loyalists
26373,2,2,2,222,Potential Loyalists
28055,2,2,2,222,Potential Loyalists
29873,2,2,2,222,Potential Loyalists
29999,2,2,2,222,Potential Loyalists
29985,2,2,2,222,Potential Loyalists
27098,2,2,2,222,Potential Loyalists
29127,2,2,2,222,Potential Loyalists
26837,2,2,2,222,Potential Loyalists
29937,2,2,2,222,Potential Loyalists
28808,2,2,2,222,Potential Loyalists
29387,2,2,2,222,Potential Loyalists
27975,2,2,2,222,Potential Loyalists
26464,2,2,2,222,Potential Loyalists
29044,2,2,2,222,Potential Loyalists
27118,2,2,2,222,Potential Loyalists
27356,2,2,2,222,Potential Loyalists
28507,2,2,2,222,Potential Loyalists
27555,2,2,2,222,Potential Loyalists
28750,2,2,2,222,Potential Loyalists
28988,2,2,2,222,Potential Loyalists
26684,2,2,2,222,Potential Loyalists
26679,2,2,2,222,Potential Loyalists
29477,2,2,2,222,Potential Loyalists
30494,2,2,2,222,Potential Loyalists
30247,2,2,2,222,Potential Loyalists
26699,2,2,2,222,Potential Loyalists
30087,2,2,2,222,Potential Loyalists
26879,2,2,2,222,Potential Loyalists
30083,2,2,2,222,Potential Loyalists
29144,2,2,2,222,Potential Loyalists
28428,2,2,2,222,Potential Loyalists
27317,2,2,2,222,Potential Loyalists
29000,2,2,2,222,Potential Loyalists
30628,2,2,2,222,Potential Loyalists
28430,2,2,2,222,Potential Loyalists
29410,2,2,2,222,Potential Loyalists
29088,2,2,2,222,Potential Loyalists
27042,2,2,2,222,Potential Loyalists
27355,2,2,2,222,Potential Loyalists
26330,2,2,2,222,Potential Loyalists
27294,2,2,2,222,Potential Loyalists
30581,2,2,2,222,Potential Loyalists
27807,2,2,2,222,Potential Loyalists
29554,2,2,2,222,Potential Loyalists
28943,2,2,2,222,Potential Loyalists
27235,2,2,2,222,Potential Loyalists
28975,2,2,2,222,Potential Loyalists
26276,2,2,2,222,Potential Loyalists
28580,2,2,2,222,Potential Loyalists
28245,2,2,2,222,Potential Loyalists
29408,2,2,2,222,Potential Loyalists
28270,2,2,2,222,Potential Loyalists
26686,2,2,2,222,Potential Loyalists
28069,2,2,2,222,Potential Loyalists
28539,2,2,2,222,Potential Loyalists
27187,2,2,2,222,Potential Loyalists
27826,2,2,2,222,Potential Loyalists
30511,2,2,2,222,Potential Loyalists
26475,2,2,2,222,Potential Loyalists
30518,2,2,2,222,Potential Loyalists
30175,2,2,2,222,Potential Loyalists
28995,2,2,2,222,Potential Loyalists
30191,2,2,2,222,Potential Loyalists
28752,2,2,2,222,Potential Loyalists
26298,2,2,2,222,Potential Loyalists
29951,2,2,2,222,Potential Loyalists
26312,2,2,2,222,Potential Loyalists
27913,2,2,2,222,Potential Loyalists
30231,2,2,2,222,Potential Loyalists
28815,2,2,2,222,Potential Loyalists
30028,2,2,2,222,Potential Loyalists
27211,2,2,2,222,Potential Loyalists
27750,2,2,2,222,Potential Loyalists
30443,2,2,2,222,Potential Loyalists
27493,2,2,2,222,Potential Loyalists
26549,2,2,2,222,Potential Loyalists
28246,2,2,2,222,Potential Loyalists
27991,2,2,2,222,Potential Loyalists
28286,2,2,2,222,Potential Loyalists
27531,2,2,2,222,Potential Loyalists
28600,2,2,2,222,Potential Loyalists
27810,2,2,2,222,Potential Loyalists
27161,2,2,2,222,Potential Loyalists
29767,2,2,2,222,Potential Loyalists
28636,2,2,2,222,Potential Loyalists
30617,2,2,2,222,Potential Loyalists
28015,2,2,2,222,Potential Loyalists
30379,2,2,2,222,Potential Loyalists
26902,2,2,2,222,Potential Loyalists
26842,2,2,2,222,Potential Loyalists
29447,2,2,2,222,Potential Loyalists
30419,2,2,2,222,Potential Loyalists
28804,2,2,2,222,Potential Loyalists
27340,2,2,2,222,Potential Loyalists
28627,2,2,2,222,Potential Loyalists
29536,2,2,2,222,Potential Loyalists
27040,2,2,2,222,Potential Loyalists
28831,2,2,2,222,Potential Loyalists
26424,2,2,2,222,Potential Loyalists
29263,2,2,2,222,Potential Loyalists
26525,2,2,2,222,Potential Loyalists
29692,2,2,2,222,Potential Loyalists
27685,2,2,2,222,Potential Loyalists
26864,2,2,2,222,Potential Loyalists
29130,2,2,2,222,Potential Loyalists
30246,2,2,2,222,Potential Loyalists
27698,2,2,2,222,Potential Loyalists
27720,2,2,2,222,Potential Loyalists
29770,2,2,2,222,Potential Loyalists
26438,2,2,2,222,Potential Loyalists
27230,2,2,2,222,Potential Loyalists
30164,2,2,2,222,Potential Loyalists
26892,2,2,2,222,Potential Loyalists
28340,2,2,2,222,Potential Loyalists
27882,2,2,2,222,Potential Loyalists
29625,2,2,2,222,Potential Loyalists
29597,2,2,2,222,Potential Loyalists
29681,2,2,2,222,Potential Loyalists
26722,2,2,2,222,Potential Loyalists
27981,2,2,2,222,Potential Loyalists
26820,2,2,2,222,Potential Loyalists
29918,2,2,2,222,Potential Loyalists
30079,2,2,2,222,Potential Loyalists
28368,2,2,2,222,Potential Loyalists
28819,2,2,2,222,Potential Loyalists
29808,2,2,2,222,Potential Loyalists
26813,2,2,2,222,Potential Loyalists
26402,2,2,2,222,Potential Loyalists
28744,2,2,2,222,Potential Loyalists
30476,2,2,2,222,Potential Loyalists
28140,2,2,2,222,Potential Loyalists
26666,2,2,2,222,Potential Loyalists
28927,2,2,2,222,Potential Loyalists
26309,2,2,2,222,Potential Loyalists
29867,2,2,2,222,Potential Loyalists
30502,2,2,2,222,Potential Loyalists
26572,2,2,2,222,Potential Loyalists
29616,2,2,2,222,Potential Loyalists
26927,2,2,2,222,Potential Loyalists
29850,2,2,2,222,Potential Loyalists
27700,2,2,2,222,Potential Loyalists
29053,2,2,2,222,Potential Loyalists
30542,2,2,2,222,Potential Loyalists
27664,2,2,2,222,Potential Loyalists
30163,2,2,2,222,Potential Loyalists
27423,2,2,2,222,Potential Loyalists
27316,2,2,2,222,Potential Loyalists
30159,2,2,2,222,Potential Loyalists
29768,2,2,2,222,Potential Loyalists
27146,2,2,2,222,Potential Loyalists
29527,2,2,2,222,Potential Loyalists
27728,2,2,2,222,Potential Loyalists
29365,2,2,2,222,Potential Loyalists
26394,2,2,2,222,Potential Loyalists
27020,2,2,2,222,Potential Loyalists
29858,2,2,2,222,Potential Loyalists
30507,2,2,2,222,Potential Loyalists
28331,2,2,2,222,Potential Loyalists
28390,2,2,2,222,Potential Loyalists
26794,2,2,2,222,Potential Loyalists
27236,2,2,2,222,Potential Loyalists
28528,2,2,2,222,Potential Loyalists
27815,2,2,2,222,Potential Loyalists
30194,2,2,2,222,Potential Loyalists
28971,2,2,2,222,Potential Loyalists
30217,2,2,2,222,Potential Loyalists
29491,2,2,2,222,Potential Loyalists
29721,2,2,2,222,Potential Loyalists
26650,2,2,2,222,Potential Loyalists
27756,2,2,2,222,Potential Loyalists
29649,2,2,2,222,Potential Loyalists
27090,2,2,2,222,Potential Loyalists
26556,2,2,2,222,Potential Loyalists
27855,2,2,2,222,Potential Loyalists
29175,2,2,2,222,Potential Loyalists
28759,2,2,2,222,Potential Loyalists
27983,2,2,2,222,Potential Loyalists
27791,2,2,2,222,Potential Loyalists
27842,2,2,2,222,Potential Loyalists
26899,2,2,2,222,Potential Loyalists
29680,2,2,2,222,Potential Loyalists
26938,2,2,2,222,Potential Loyalists
28681,2,2,2,222,Potential Loyalists
27955,2,2,2,222,Potential Loyalists
26390,2,2,2,222,Potential Loyalists
26838,2,2,2,222,Potential Loyalists
27625,2,2,2,222,Potential Loyalists
28200,2,2,2,222,Potential Loyalists
30631,2,2,2,222,Potential Loyalists
30477,2,2,2,222,Potential Loyalists
26777,2,2,2,222,Potential Loyalists
28328,2,2,2,222,Potential Loyalists
26289,2,2,1,221,Potential Loyalists
30174,2,2,1,221,Potential Loyalists
29923,2,2,1,221,Potential Loyalists
26693,2,2,1,221,Potential Loyalists
28656,2,2,1,221,Potential Loyalists
26757,2,2,1,221,Potential Loyalists
29559,2,2,1,221,Potential Loyalists
29971,2,2,1,221,Potential Loyalists
29795,2,2,1,221,Potential Loyalists
29540,2,2,1,221,Potential Loyalists
28284,2,2,1,221,Potential Loyalists
26489,2,2,1,221,Potential Loyalists
28486,2,2,1,221,Potential Loyalists
29384,2,2,1,221,Potential Loyalists
29547,2,2,1,221,Potential Loyalists
26740,2,2,1,221,Potential Loyalists
30165,2,2,1,221,Potential Loyalists
28905,2,2,1,221,Potential Loyalists
29190,2,2,1,221,Potential Loyalists
28444,2,2,1,221,Potential Loyalists
30454,2,2,1,221,Potential Loyalists
26958,2,2,1,221,Potential Loyalists
27184,2,2,1,221,Potential Loyalists
28346,2,2,1,221,Potential Loyalists
27966,2,2,1,221,Potential Loyalists
30525,2,2,1,221,Potential Loyalists
28767,2,2,1,221,Potential Loyalists
29371,2,2,1,221,Potential Loyalists
26706,2,2,1,221,Potential Loyalists
28105,2,2,1,221,Potential Loyalists
27905,2,2,1,221,Potential Loyalists
28099,2,2,1,221,Potential Loyalists
26876,2,2,1,221,Potential Loyalists
28655,2,2,1,221,Potential Loyalists
27578,2,2,1,221,Potential Loyalists
30267,2,2,1,221,Potential Loyalists
27624,2,2,1,221,Potential Loyalists
30495,2,2,1,221,Potential Loyalists
29355,2,2,1,221,Potential Loyalists
29221,2,2,1,221,Potential Loyalists
27225,2,2,1,221,Potential Loyalists
28208,2,2,1,221,Potential Loyalists
28643,2,2,1,221,Potential Loyalists
28016,2,2,1,221,Potential Loyalists
26987,2,2,1,221,Potential Loyalists
30408,2,2,1,221,Potential Loyalists
30050,2,2,1,221,Potential Loyalists
29439,2,2,1,221,Potential Loyalists
26928,2,2,1,221,Potential Loyalists
27077,2,2,1,221,Potential Loyalists
26581,2,2,1,221,Potential Loyalists
28833,2,2,1,221,Potential Loyalists
28042,2,2,1,221,Potential Loyalists
29835,2,2,1,221,Potential Loyalists
30166,2,2,1,221,Potential Loyalists
30365,2,2,1,221,Potential Loyalists
29253,2,2,1,221,Potential Loyalists
30043,2,2,1,221,Potential Loyalists
29617,2,2,1,221,Potential Loyalists
29014,2,2,1,221,Potential Loyalists
30209,2,2,1,221,Potential Loyalists
27114,2,2,1,221,Potential Loyalists
27640,2,2,1,221,Potential Loyalists
27666,2,2,1,221,Potential Loyalists
30532,2,2,1,221,Potential Loyalists
27572,2,2,1,221,Potential Loyalists
27302,2,2,1,221,Potential Loyalists
28736,2,2,1,221,Potential Loyalists
29001,2,2,1,221,Potential Loyalists
28344,2,2,1,221,Potential Loyalists
27615,2,2,1,221,Potential Loyalists
27963,2,2,1,221,Potential Loyalists
29984,2,2,1,221,Potential Loyalists
28649,2,2,1,221,Potential Loyalists
27920,2,2,1,221,Potential Loyalists
26973,2,2,1,221,Potential Loyalists
29116,2,2,1,221,Potential Loyalists
26802,2,2,1,221,Potential Loyalists
29594,2,2,1,221,Potential Loyalists
26532,2,2,1,221,Potential Loyalists
29507,2,2,1,221,Potential Loyalists
26861,2,2,1,221,Potential Loyalists
30141,2,2,1,221,Potential Loyalists
28241,2,2,1,221,Potential Loyalists
30484,2,2,1,221,Potential Loyalists
29879,2,2,1,221,Potential Loyalists
28931,2,2,1,221,Potential Loyalists
27779,2,2,1,221,Potential Loyalists
29519,2,2,1,221,Potential Loyalists
28574,2,2,1,221,Potential Loyalists
29036,2,2,1,221,Potential Loyalists
27705,2,2,1,221,Potential Loyalists
26726,2,2,1,221,Potential Loyalists
29825,2,2,1,221,Potential Loyalists
30557,2,2,1,221,Potential Loyalists
29138,2,2,1,221,Potential Loyalists
28131,2,2,1,221,Potential Loyalists
26725,2,2,1,221,Potential Loyalists
30539,2,2,1,221,Potential Loyalists
27612,2,2,1,221,Potential Loyalists
30192,2,2,1,221,Potential Loyalists
28680,2,2,1,221,Potential Loyalists
27637,2,2,1,221,Potential Loyalists
26675,2,2,1,221,Potential Loyalists
26834,2,2,1,221,Potential Loyalists
26362,2,2,1,221,Potential Loyalists
28066,2,2,1,221,Potential Loyalists
28001,2,2,1,221,Potential Loyalists
28899,2,2,1,221,Potential Loyalists
29128,2,2,1,221,Potential Loyalists
28882,2,2,1,221,Potential Loyalists
28484,2,2,1,221,Potential Loyalists
29227,2,2,1,221,Potential Loyalists
27825,2,2,1,221,Potential Loyalists
29179,2,2,1,221,Potential Loyalists
29838,2,2,1,221,Potential Loyalists
26870,2,2,1,221,Potential Loyalists
27226,2,2,1,221,Potential Loyalists
29341,2,2,1,221,Potential Loyalists
26852,2,2,1,221,Potential Loyalists
30589,2,2,1,221,Potential Loyalists
27433,2,2,1,221,Potential Loyalists
29250,2,2,1,221,Potential Loyalists
27532,2,1,3,213,Potential Loyalists
27893,2,1,3,213,Potential Loyalists
28977,2,1,3,213,Potential Loyalists
28991,2,1,3,213,Potential Loyalists
27484,2,1,3,213,Potential Loyalists
27824,2,1,3,213,Potential Loyalists
26294,2,1,3,213,Potential Loyalists
30049,2,1,3,213,Potential Loyalists
30639,2,1,3,213,Potential Loyalists
27334,2,1,3,213,Potential Loyalists
28445,2,1,3,213,Potential Loyalists
27566,2,1,3,213,Potential Loyalists
27435,2,1,3,213,Potential Loyalists
28096,2,1,3,213,Potential Loyalists
27481,2,1,3,213,Potential Loyalists
29673,2,1,3,213,Potential Loyalists
28511,2,1,3,213,Potential Loyalists
29936,2,1,3,213,Potential Loyalists
30614,2,1,2,212,Potential Loyalists
30265,2,1,2,212,Potential Loyalists
27764,2,1,2,212,Potential Loyalists
27587,2,1,2,212,Potential Loyalists
26882,2,1,2,212,Potential Loyalists
29108,2,1,2,212,Potential Loyalists
30422,2,1,2,212,Potential Loyalists
26296,2,1,2,212,Potential Loyalists
30533,2,1,2,212,Potential Loyalists
26343,2,1,2,212,Potential Loyalists
29482,2,1,2,212,Potential Loyalists
28382,2,1,2,212,Potential Loyalists
27138,2,1,2,212,Potential Loyalists
26450,2,1,2,212,Potential Loyalists
27850,2,1,2,212,Potential Loyalists
27757,2,1,2,212,Potential Loyalists
30622,2,1,2,212,Potential Loyalists
30122,2,1,2,212,Potential Loyalists
29728,2,1,2,212,Potential Loyalists
27880,2,1,2,212,Potential Loyalists
27292,2,1,2,212,Potential Loyalists
27575,2,1,2,212,Potential Loyalists
27177,2,1,2,212,Potential Loyalists
27904,2,1,2,212,Potential Loyalists
27591,2,1,2,212,Potential Loyalists
28885,2,1,2,212,Potential Loyalists
26323,2,1,2,212,Potential Loyalists
26520,2,1,2,212,Potential Loyalists
29343,2,1,2,212,Potential Loyalists
28731,2,1,2,212,Potential Loyalists
28120,2,1,2,212,Potential Loyalists
29710,2,1,2,212,Potential Loyalists
26512,2,1,2,212,Potential Loyalists
28703,2,1,2,212,Potential Loyalists
28163,2,1,2,212,Potential Loyalists
26368,2,1,2,212,Potential Loyalists
27477,2,1,2,212,Potential Loyalists
29539,2,1,2,212,Potential Loyalists
29675,2,1,2,212,Potential Loyalists
29771,2,1,2,212,Potential Loyalists
28311,2,1,2,212,Potential Loyalists
29944,2,1,2,212,Potential Loyalists
28756,2,1,2,212,Potential Loyalists
29876,2,1,2,212,Potential Loyalists
26544,2,1,2,212,Potential Loyalists
28238,2,1,2,212,Potential Loyalists
30642,2,1,2,212,Potential Loyalists
30300,2,1,2,212,Potential Loyalists
28864,2,1,2,212,Potential Loyalists
29651,2,1,2,212,Potential Loyalists
26799,2,1,2,212,Potential Loyalists
28634,2,1,2,212,Potential Loyalists
28292,2,1,2,212,Potential Loyalists
28243,2,1,2,212,Potential Loyalists
26911,2,1,2,212,Potential Loyalists
28947,2,1,2,212,Potential Loyalists
28708,2,1,2,212,Potential Loyalists
26511,2,1,2,212,Potential Loyalists
30540,2,1,2,212,Potential Loyalists
30124,2,1,2,212,Potential Loyalists
27324,2,1,2,212,Potential Loyalists
28342,2,1,2,212,Potential Loyalists
28267,2,1,2,212,Potential Loyalists
29096,2,1,2,212,Potential Loyalists
28169,2,1,2,212,Potential Loyalists
28316,2,1,2,212,Potential Loyalists
26605,2,1,2,212,Potential Loyalists
30400,2,1,2,212,Potential Loyalists
28807,2,1,2,212,Potential Loyalists
28048,2,1,2,212,Potential Loyalists
27909,2,1,2,212,Potential Loyalists
28146,2,1,2,212,Potential Loyalists
28178,2,1,2,212,Potential Loyalists
29369,2,1,2,212,Potential Loyalists
28022,2,1,2,212,Potential Loyalists
27662,2,1,2,212,Potential Loyalists
30125,2,1,2,212,Potential Loyalists
27402,2,1,2,212,Potential Loyalists
27456,2,1,2,212,Potential Loyalists
26933,2,1,2,212,Potential Loyalists
28724,2,1,2,212,Potential Loyalists
30101,2,1,2,212,Potential Loyalists
29446,2,1,2,212,Potential Loyalists
29366,2,1,2,212,Potential Loyalists
29924,2,1,2,212,Potential Loyalists
26992,2,1,2,212,Potential Loyalists
28480,2,1,2,212,Potential Loyalists
30615,2,1,2,212,Potential Loyalists
29223,2,1,2,212,Potential Loyalists
26632,2,1,2,212,Potential Loyalists
28678,2,1,2,212,Potential Loyalists
28873,2,1,2,212,Potential Loyalists
30105,2,1,2,212,Potential Loyalists
29991,2,1,2,212,Potential Loyalists
28840,2,1,2,212,Potential Loyalists
28391,2,1,2,212,Potential Loyalists
29827,2,1,2,212,Potential Loyalists
29722,2,1,2,212,Potential Loyalists
29357,2,1,2,212,Potential Loyalists
27078,2,1,2,212,Potential Loyalists
28551,2,1,2,212,Potential Loyalists
28939,2,1,2,212,Potential Loyalists
30550,2,1,2,212,Potential Loyalists
27804,2,1,2,212,Potential Loyalists
29286,2,1,2,212,Potential Loyalists
28164,2,1,2,212,Potential Loyalists
27800,2,1,2,212,Potential Loyalists
26470,2,1,2,212,Potential Loyalists
29898,2,1,2,212,Potential Loyalists
27930,2,1,2,212,Potential Loyalists
27380,2,1,2,212,Potential Loyalists
27721,2,1,2,212,Potential Loyalists
27381,2,1,2,212,Potential Loyalists
27789,2,1,2,212,Potential Loyalists
28933,2,1,2,212,Potential Loyalists
29196,2,1,2,212,Potential Loyalists
28542,2,1,2,212,Potential Loyalists
29165,2,1,2,212,Potential Loyalists
28895,2,1,2,212,Potential Loyalists
30157,2,1,2,212,Potential Loyalists
28685,2,1,2,212,Potential Loyalists
27668,2,1,2,212,Potential Loyalists
26867,2,1,2,212,Potential Loyalists
26463,2,1,2,212,Potential Loyalists
28842,2,1,2,212,Potential Loyalists
30014,2,1,2,212,Potential Loyalists
28005,2,1,2,212,Potential Loyalists
26502,2,1,2,212,Potential Loyalists
27965,2,1,2,212,Potential Loyalists
30127,2,1,2,212,Potential Loyalists
29453,2,1,2,212,Potential Loyalists
29208,2,1,2,212,Potential Loyalists
26444,2,1,2,212,Potential Loyalists
28728,2,1,2,212,Potential Loyalists
30309,2,1,2,212,Potential Loyalists
26844,2,1,2,212,Potential Loyalists
26688,2,1,2,212,Potential Loyalists
30512,2,1,2,212,Potential Loyalists
29114,2,1,2,212,Potential Loyalists
29823,2,1,2,212,Potential Loyalists
30641,2,1,2,212,Potential Loyalists
27498,2,1,2,212,Potential Loyalists
28932,2,1,2,212,Potential Loyalists
29633,2,1,2,212,Potential Loyalists
28399,2,1,2,212,Potential Loyalists
26812,2,1,2,212,Potential Loyalists
30462,2,1,2,212,Potential Loyalists
30099,2,1,2,212,Potential Loyalists
30384,2,1,2,212,Potential Loyalists
28981,2,1,2,212,Potential Loyalists
28206,2,1,2,212,Potential Loyalists
30491,2,1,2,212,Potential Loyalists
28941,2,1,2,212,Potential Loyalists
28271,2,1,2,212,Potential Loyalists
30411,2,1,2,212,Potential Loyalists
28202,2,1,2,212,Potential Loyalists
29739,2,1,2,212,Potential Loyalists
28859,2,1,2,212,Potential Loyalists
30388,2,1,2,212,Potential Loyalists
27945,2,1,1,211,Potential Loyalists
27382,2,1,1,211,Potential Loyalists
26284,2,1,1,211,Potential Loyalists
30115,2,1,1,211,Potential Loyalists
29266,2,1,1,211,Potential Loyalists
29965,2,1,1,211,Potential Loyalists
26859,2,1,1,211,Potential Loyalists
29105,2,1,1,211,Potential Loyalists
29602,2,1,1,211,Potential Loyalists
30148,2,1,1,211,Potential Loyalists
27507,2,1,1,211,Potential Loyalists
28625,2,1,1,211,Potential Loyalists
29344,2,1,1,211,Potential Loyalists
27781,2,1,1,211,Potential Loyalists
28622,2,1,1,211,Potential Loyalists
27065,2,1,1,211,Potential Loyalists
28918,2,1,1,211,Potential Loyalists
27280,2,1,1,211,Potential Loyalists
27731,2,1,1,211,Potential Loyalists
28921,2,1,1,211,Potential Loyalists
28108,2,1,1,211,Potential Loyalists
26397,2,1,1,211,Potential Loyalists
29394,2,1,1,211,Potential Loyalists
28209,2,1,1,211,Potential Loyalists
28080,2,1,1,211,Potential Loyalists
29358,2,1,1,211,Potential Loyalists
28652,2,1,1,211,Potential Loyalists
28790,2,1,1,211,Potential Loyalists
26968,2,1,1,211,Potential Loyalists
28301,2,1,1,211,Potential Loyalists
30316,2,1,1,211,Potential Loyalists
28860,2,1,1,211,Potential Loyalists
26929,2,1,1,211,Potential Loyalists
27075,2,1,1,211,Potential Loyalists
26432,2,1,1,211,Potential Loyalists
26836,2,1,1,211,Potential Loyalists
29925,2,1,1,211,Potential Loyalists
27030,2,1,1,211,Potential Loyalists
26523,2,1,1,211,Potential Loyalists
28388,2,1,1,211,Potential Loyalists
27739,2,1,1,211,Potential Loyalists
29831,2,1,1,211,Potential Loyalists
27327,2,1,1,211,Potential Loyalists
28742,2,1,1,211,Potential Loyalists
29632,2,1,1,211,Potential Loyalists
28135,2,1,1,211,Potential Loyalists
30011,2,1,1,211,Potential Loyalists
27741,2,1,1,211,Potential Loyalists
29636,2,1,1,211,Potential Loyalists
30261,2,1,1,211,Potential Loyalists
27028,2,1,1,211,Potential Loyalists
29706,2,1,1,211,Potential Loyalists
28290,2,1,1,211,Potential Loyalists
30510,2,1,1,211,Potential Loyalists
27367,2,1,1,211,Potential Loyalists
26817,2,1,1,211,Potential Loyalists
28619,2,1,1,211,Potential Loyalists
29555,2,1,1,211,Potential Loyalists
30500,2,1,1,211,Potential Loyalists
28424,2,1,1,211,Potential Loyalists
28717,2,1,1,211,Potential Loyalists
28076,2,1,1,211,Potential Loyalists
26652,2,1,1,211,Potential Loyalists
27453,2,1,1,211,Potential Loyalists
27787,2,1,1,211,Potential Loyalists
30055,2,1,1,211,Potential Loyalists
29136,2,1,1,211,Potential Loyalists
27186,2,1,1,211,Potential Loyalists
29139,2,1,1,211,Potential Loyalists
27977,2,1,1,211,Potential Loyalists
27372,2,1,1,211,Potential Loyalists
29593,2,1,1,211,Potential Loyalists
27129,2,1,1,211,Potential Loyalists
26872,2,1,1,211,Potential Loyalists
28609,2,1,1,211,Potential Loyalists
29131,2,1,1,211,Potential Loyalists
30433,2,1,1,211,Potential Loyalists
29501,2,1,1,211,Potential Loyalists
26616,2,1,1,211,Potential Loyalists
29385,2,1,1,211,Potential Loyalists
29316,2,1,1,211,Potential Loyalists
27932,2,1,1,211,Potential Loyalists
28348,2,1,1,211,Potential Loyalists
26550,2,1,1,211,Potential Loyalists
28654,2,1,1,211,Potential Loyalists
29688,2,1,1,211,Potential Loyalists
28962,2,1,1,211,Potential Loyalists
28153,2,1,1,211,Potential Loyalists
28247,2,1,1,211,Potential Loyalists
28530,2,1,1,211,Potential Loyalists
30404,2,1,1,211,Potential Loyalists
27956,2,1,1,211,Potential Loyalists
26457,2,1,1,211,Potential Loyalists
30188,2,1,1,211,Potential Loyalists
27119,2,1,1,211,Potential Loyalists
27422,2,1,1,211,Potential Loyalists
29601,2,1,1,211,Potential Loyalists
28242,2,1,1,211,Potential Loyalists
27242,2,1,1,211,Potential Loyalists
28362,2,1,1,211,Potential Loyalists
26783,2,1,1,211,Potential Loyalists
26738,2,1,1,211,Potential Loyalists
30292,2,1,1,211,Potential Loyalists
28287,2,1,1,211,Potential Loyalists
29611,2,1,1,211,Potential Loyalists
30345,2,1,1,211,Potential Loyalists
29637,2,1,1,211,Potential Loyalists
27471,2,1,1,211,Potential Loyalists
27562,2,1,1,211,Potential Loyalists
27443,2,1,1,211,Potential Loyalists
29454,2,1,1,211,Potential Loyalists
29086,2,1,1,211,Potential Loyalists
30128,2,1,1,211,Potential Loyalists
28811,2,1,1,211,Potential Loyalists
30022,2,1,1,211,Potential Loyalists
30235,2,1,1,211,Potential Loyalists
29431,2,1,1,211,Potential Loyalists
30195,2,1,1,211,Potential Loyalists
30012,2,1,1,211,Potential Loyalists
30449,2,1,1,211,Potential Loyalists
27820,2,1,1,211,Potential Loyalists
26319,2,1,1,211,Potential Loyalists
27352,2,1,1,211,Potential Loyalists
27208,2,1,1,211,Potential Loyalists
29480,2,1,1,211,Potential Loyalists
29083,2,1,1,211,Potential Loyalists
29761,2,1,1,211,Potential Loyalists
27580,2,1,1,211,Potential Loyalists
30571,2,1,1,211,Potential Loyalists
27416,2,1,1,211,Potential Loyalists
26896,2,1,1,211,Potential Loyalists
29218,2,1,1,211,Potential Loyalists
29518,2,1,1,211,Potential Loyalists
30483,2,1,1,211,Potential Loyalists
29836,2,1,1,211,Potential Loyalists
28361,2,1,1,211,Potential Loyalists
29595,2,1,1,211,Potential Loyalists
27660,2,1,1,211,Potential Loyalists
28252,2,1,1,211,Potential Loyalists
26551,2,1,1,211,Potential Loyalists
27859,2,1,1,211,Potential Loyalists
27694,2,1,1,211,Potential Loyalists
28698,2,1,1,211,Potential Loyalists
27910,2,1,1,211,Potential Loyalists
28945,2,1,1,211,Potential Loyalists
27123,2,1,1,211,Potential Loyalists
29388,2,1,1,211,Potential Loyalists
29954,2,1,1,211,Potential Loyalists
29166,2,1,1,211,Potential Loyalists
29220,2,1,1,211,Potential Loyalists
28211,2,1,1,211,Potential Loyalists
28508,2,1,1,211,Potential Loyalists
29222,2,1,1,211,Potential Loyalists
30352,2,1,1,211,Potential Loyalists
28554,2,1,1,211,Potential Loyalists
29033,2,1,1,211,Potential Loyalists
29917,2,1,1,211,Potential Loyalists
29686,2,1,1,211,Potential Loyalists
26318,2,1,1,211,Potential Loyalists
27554,2,1,1,211,Potential Loyalists
28431,2,1,1,211,Potential Loyalists
30398,2,1,1,211,Potential Loyalists
29884,2,1,1,211,Potential Loyalists
28764,2,1,1,211,Potential Loyalists
30107,2,1,1,211,Potential Loyalists
27006,2,1,1,211,Potential Loyalists
29892,2,1,1,211,Potential Loyalists
29887,2,1,1,211,Potential Loyalists
26637,2,1,1,211,Potential Loyalists
27169,2,1,1,211,Potential Loyalists
27409,2,1,1,211,Potential Loyalists
29398,2,1,1,211,Potential Loyalists
28235,2,1,1,211,Potential Loyalists
29607,2,1,1,211,Potential Loyalists
30259,2,1,1,211,Potential Loyalists
27188,2,1,1,211,Potential Loyalists
27475,2,1,1,211,Potential Loyalists
29648,2,1,1,211,Potential Loyalists
26482,2,1,1,211,Potential Loyalists
28504,2,1,1,211,Potential Loyalists
27843,2,1,1,211,Potential Loyalists
29401,2,1,1,211,Potential Loyalists
29464,2,1,1,211,Potential Loyalists
30204,2,1,1,211,Potential Loyalists
30239,2,1,1,211,Potential Loyalists
29066,2,1,1,211,Potential Loyalists
26804,2,1,1,211,Potential Loyalists
30275,2,1,1,211,Potential Loyalists
29091,2,1,1,211,Potential Loyalists
29909,2,1,1,211,Potential Loyalists
29793,2,1,1,211,Potential Loyalists
30603,2,1,1,211,Potential Loyalists
26891,2,1,1,211,Potential Loyalists
28115,2,1,1,211,Potential Loyalists
29863,2,1,1,211,Potential Loyalists
26396,2,1,1,211,Potential Loyalists
29469,2,1,1,211,Potential Loyalists
29294,2,1,1,211,Potential Loyalists
28867,2,1,1,211,Potential Loyalists
28223,2,1,1,211,Potential Loyalists
28509,2,1,1,211,Potential Loyalists
30414,2,1,1,211,Potential Loyalists
26533,2,1,1,211,Potential Loyalists
28865,2,1,1,211,Potential Loyalists
26344,2,1,1,211,Potential Loyalists
27483,2,1,1,211,Potential Loyalists
30389,2,1,1,211,Potential Loyalists
27397,2,1,1,211,Potential Loyalists
29064,2,1,1,211,Potential Loyalists
26940,2,1,1,211,Potential Loyalists
26781,2,1,1,211,Potential Loyalists
30034,2,1,1,211,Potential Loyalists
27232,2,1,1,211,Potential Loyalists
27794,2,1,1,211,Potential Loyalists
29187,2,1,1,211,Potential Loyalists
29509,2,1,1,211,Potential Loyalists
30612,2,1,1,211,Potential Loyalists
28269,2,1,1,211,Potential Loyalists
28974,2,1,1,211,Potential Loyalists
28462,2,1,1,211,Potential Loyalists
29377,2,1,1,211,Potential Loyalists
29391,2,1,1,211,Potential Loyalists
29640,2,1,1,211,Potential Loyalists
30203,2,1,1,211,Potential Loyalists
29297,2,1,1,211,Potential Loyalists
28948,2,1,1,211,Potential Loyalists
28093,2,1,1,211,Potential Loyalists
29848,2,1,1,211,Potential Loyalists
29701,2,1,1,211,Potential Loyalists
27974,2,1,1,211,Potential Loyalists
27060,2,1,1,211,Potential Loyalists
28276,2,1,1,211,Potential Loyalists
30205,2,1,1,211,Potential Loyalists
30002,2,1,1,211,Potential Loyalists
27723,2,1,1,211,Potential Loyalists
27233,2,1,1,211,Potential Loyalists
28786,2,1,1,211,Potential Loyalists
28128,2,1,1,211,Potential Loyalists
26775,2,1,1,211,Potential Loyalists
30348,2,1,1,211,Potential Loyalists
29012,2,1,1,211,Potential Loyalists
27121,2,1,1,211,Potential Loyalists
29704,2,1,1,211,Potential Loyalists
29532,2,1,1,211,Potential Loyalists
30583,2,1,1,211,Potential Loyalists
27629,2,1,1,211,Potential Loyalists
29851,2,1,1,211,Potential Loyalists
28095,2,1,1,211,Potential Loyalists
30359,2,1,1,211,Potential Loyalists
27620,2,1,1,211,Potential Loyalists
29335,2,1,1,211,Potential Loyalists
26304,2,1,1,211,Potential Loyalists
29213,2,1,1,211,Potential Loyalists
29995,2,1,1,211,Potential Loyalists
29842,2,1,1,211,Potential Loyalists
27296,2,1,1,211,Potential Loyalists
27679,2,1,1,211,Potential Loyalists
29988,2,1,1,211,Potential Loyalists
26494,2,1,1,211,Potential Loyalists
26515,2,1,1,211,Potential Loyalists
30358,2,1,1,211,Potential Loyalists
27096,2,1,1,211,Potential Loyalists
27067,2,1,1,211,Potential Loyalists
27285,2,1,1,211,Potential Loyalists
29219,2,1,1,211,Potential Loyalists
29973,2,1,1,211,Potential Loyalists
28122,2,1,1,211,Potential Loyalists
28617,2,1,1,211,Potential Loyalists
28315,2,1,1,211,Potential Loyalists
27341,2,1,1,211,Potential Loyalists
29346,2,1,1,211,Potential Loyalists
29111,2,1,1,211,Potential Loyalists
30260,2,1,1,211,Potential Loyalists
27239,2,1,1,211,Potential Loyalists
27160,2,1,1,211,Potential Loyalists
29980,2,1,1,211,Potential Loyalists
29272,2,1,1,211,Potential Loyalists
29802,2,1,1,211,Potential Loyalists
27203,2,1,1,211,Potential Loyalists
27638,2,1,1,211,Potential Loyalists
29762,2,1,1,211,Potential Loyalists
28631,2,1,1,211,Potential Loyalists
27898,2,1,1,211,Potential Loyalists
28061,2,1,1,211,Potential Loyalists
29741,2,1,1,211,Potential Loyalists
27431,2,1,1,211,Potential Loyalists
29282,2,1,1,211,Potential Loyalists
29256,2,1,1,211,Potential Loyalists
28228,2,1,1,211,Potential Loyalists
29817,2,1,1,211,Potential Loyalists
27426,2,1,1,211,Potential Loyalists
27411,2,1,1,211,Potential Loyalists
30626,2,1,1,211,Potential Loyalists
26811,2,1,1,211,Potential Loyalists
27646,1,3,3,133,At Risk / Lost
29643,1,3,3,133,At Risk / Lost
29718,1,3,3,133,At Risk / Lost
30588,1,3,3,133,At Risk / Lost
29126,1,3,3,133,At Risk / Lost
30609,1,3,3,133,At Risk / Lost
27258,1,3,3,133,At Risk / Lost
29137,1,3,3,133,At Risk / Lost
30273,1,3,3,133,At Risk / Lost
28207,1,3,3,133,At Risk / Lost
28081,1,3,3,133,At Risk / Lost
28060,1,3,3,133,At Risk / Lost
28648,1,3,3,133,At Risk / Lost
26786,1,3,3,133,At Risk / Lost
28237,1,3,3,133,At Risk / Lost
27568,1,3,3,133,At Risk / Lost
27024,1,3,3,133,At Risk / Lost
30060,1,3,3,133,At Risk / Lost
28924,1,3,3,133,At Risk / Lost
28839,1,3,3,133,At Risk / Lost
29492,1,3,3,133,At Risk / Lost
30499,1,3,3,133,At Risk / Lost
28984,1,3,3,133,At Risk / Lost
26376,1,3,3,133,At Risk / Lost
30374,1,3,3,133,At Risk / Lost
26568,1,3,3,133,At Risk / Lost
29058,1,3,3,133,At Risk / Lost
28935,1,3,3,133,At Risk / Lost
30005,1,3,3,133,At Risk / Lost
30349,1,3,3,133,At Risk / Lost
27924,1,3,3,133,At Risk / Lost
26845,1,3,3,133,At Risk / Lost
27137,1,3,3,133,At Risk / Lost
28564,1,3,3,133,At Risk / Lost
27672,1,3,3,133,At Risk / Lost
29467,1,3,3,133,At Risk / Lost
26608,1,3,3,133,At Risk / Lost
27795,1,3,3,133,At Risk / Lost
27878,1,3,3,133,At Risk / Lost
28357,1,3,3,133,At Risk / Lost
30624,1,3,3,133,At Risk / Lost
27234,1,3,3,133,At Risk / Lost
26542,1,3,3,133,At Risk / Lost
28501,1,3,3,133,At Risk / Lost
29290,1,3,3,133,At Risk / Lost
30201,1,3,3,133,At Risk / Lost
26345,1,3,3,133,At Risk / Lost
29671,1,3,3,133,At Risk / Lost
27325,1,3,3,133,At Risk / Lost
26983,1,3,3,133,At Risk / Lost
26709,1,3,3,133,At Risk / Lost
30380,1,3,3,133,At Risk / Lost
26476,1,3,3,133,At Risk / Lost
27753,1,3,3,133,At Risk / Lost
28239,1,3,3,133,At Risk / Lost
29962,1,3,3,133,At Risk / Lost
28374,1,3,3,133,At Risk / Lost
28832,1,3,3,133,At Risk / Lost
30276,1,3,3,133,At Risk / Lost
27157,1,3,3,133,At Risk / Lost
28277,1,3,3,133,At Risk / Lost
28688,1,3,3,133,At Risk / Lost
28262,1,3,3,133,At Risk / Lost
30289,1,3,3,133,At Risk / Lost
30131,1,3,3,133,At Risk / Lost
29656,1,3,3,133,At Risk / Lost
29050,1,3,3,133,At Risk / Lost
27704,1,3,3,133,At Risk / Lost
29206,1,3,3,133,At Risk / Lost
26625,1,3,3,133,At Risk / Lost
26866,1,3,3,133,At Risk / Lost
26612,1,3,3,133,At Risk / Lost
27827,1,3,3,133,At Risk / Lost
30341,1,3,3,133,At Risk / Lost
27353,1,3,3,133,At Risk / Lost
26387,1,3,3,133,At Risk / Lost
29414,1,3,3,133,At Risk / Lost
30248,1,3,3,133,At Risk / Lost
27852,1,3,3,133,At Risk / Lost
27405,1,3,3,133,At Risk / Lost
30090,1,3,3,133,At Risk / Lost
27772,1,3,3,133,At Risk / Lost
27838,1,3,3,133,At Risk / Lost
28274,1,3,3,133,At Risk / Lost
26985,1,3,3,133,At Risk / Lost
27844,1,3,3,133,At Risk / Lost
27632,1,3,3,133,At Risk / Lost
27971,1,3,2,132,At Risk / Lost
28862,1,3,2,132,At Risk / Lost
27616,1,3,2,132,At Risk / Lost
27749,1,3,2,132,At Risk / Lost
30410,1,3,2,132,At Risk / Lost
27408,1,3,2,132,At Risk / Lost
27866,1,3,2,132,At Risk / Lost
26592,1,3,2,132,At Risk / Lost
28466,1,3,2,132,At Risk / Lost
29356,1,3,2,132,At Risk / Lost
27641,1,3,2,132,At Risk / Lost
30413,1,3,2,132,At Risk / Lost
28957,1,3,2,132,At Risk / Lost
27947,1,3,2,132,At Risk / Lost
26553,1,3,2,132,At Risk / Lost
30442,1,3,2,132,At Risk / Lost
27585,1,3,2,132,At Risk / Lost
26894,1,3,2,132,At Risk / Lost
27349,1,3,2,132,At Risk / Lost
26386,1,3,2,132,At Risk / Lost
30591,1,3,2,132,At Risk / Lost
27782,1,3,2,132,At Risk / Lost
27088,1,3,2,132,At Risk / Lost
29523,1,3,2,132,At Risk / Lost
28913,1,3,2,132,At Risk / Lost
28556,1,3,2,132,At Risk / Lost
26527,1,3,2,132,At Risk / Lost
28930,1,3,2,132,At Risk / Lost
30366,1,3,2,132,At Risk / Lost
27174,1,3,2,132,At Risk / Lost
28488,1,3,2,132,At Risk / Lost
26400,1,3,2,132,At Risk / Lost
29926,1,3,2,132,At Risk / Lost
26974,1,3,2,132,At Risk / Lost
28030,1,3,2,132,At Risk / Lost
29811,1,3,2,132,At Risk / Lost
26569,1,3,2,132,At Risk / Lost
27816,1,3,2,132,At Risk / Lost
29729,1,3,2,132,At Risk / Lost
26808,1,3,2,132,At Risk / Lost
30363,1,3,2,132,At Risk / Lost
29463,1,3,2,132,At Risk / Lost
26435,1,3,2,132,At Risk / Lost
29301,1,3,2,132,At Risk / Lost
29132,1,3,2,132,At Risk / Lost
28901,1,3,2,132,At Risk / Lost
27465,1,3,1,131,At Risk / Lost
28017,1,3,1,131,At Risk / Lost
27683,1,3,1,131,At Risk / Lost
27768,1,3,1,131,At Risk / Lost
29983,1,3,1,131,At Risk / Lost
29537,1,3,1,131,At Risk / Lost
29368,1,3,1,131,At Risk / Lost
30587,1,3,1,131,At Risk / Lost
28610,1,3,1,131,At Risk / Lost
30140,1,2,3,123,At Risk / Lost
26668,1,2,3,123,At Risk / Lost
28968,1,2,3,123,At Risk / Lost
27833,1,2,3,123,At Risk / Lost
30605,1,2,3,123,At Risk / Lost
26790,1,2,3,123,At Risk / Lost
29663,1,2,3,123,At Risk / Lost
30569,1,2,3,123,At Risk / Lost
28000,1,2,3,123,At Risk / Lost
28177,1,2,3,123,At Risk / Lost
26945,1,2,3,123,At Risk / Lost
30052,1,2,3,123,At Risk / Lost
27631,1,2,3,123,At Risk / Lost
30344,1,2,3,123,At Risk / Lost
27601,1,2,3,123,At Risk / Lost
26474,1,2,3,123,At Risk / Lost
30321,1,2,3,123,At Risk / Lost
27387,1,2,3,123,At Risk / Lost
28837,1,2,3,123,At Risk / Lost
29070,1,2,3,123,At Risk / Lost
26653,1,2,3,123,At Risk / Lost
27994,1,2,3,123,At Risk / Lost
26356,1,2,3,123,At Risk / Lost
28070,1,2,3,123,At Risk / Lost
30119,1,2,3,123,At Risk / Lost
30240,1,2,3,123,At Risk / Lost
30121,1,2,3,123,At Risk / Lost
28647,1,2,3,123,At Risk / Lost
29626,1,2,3,123,At Risk / Lost
29674,1,2,3,123,At Risk / Lost
28372,1,2,3,123,At Risk / Lost
28025,1,2,3,123,At Risk / Lost
27217,1,2,3,123,At Risk / Lost
26951,1,2,3,123,At Risk / Lost
27899,1,2,3,123,At Risk / Lost
28064,1,2,3,123,At Risk / Lost
26335,1,2,3,123,At Risk / Lost
29296,1,2,3,123,At Risk / Lost
29522,1,2,3,123,At Risk / Lost
28065,1,2,3,123,At Risk / Lost
29470,1,2,3,123,At Risk / Lost
29007,1,2,3,123,At Risk / Lost
27054,1,2,3,123,At Risk / Lost
29893,1,2,3,123,At Risk / Lost
30177,1,2,3,123,At Risk / Lost
26565,1,2,3,123,At Risk / Lost
27321,1,2,3,123,At Risk / Lost
28321,1,2,3,123,At Risk / Lost
30452,1,2,3,123,At Risk / Lost
29994,1,2,3,123,At Risk / Lost
26332,1,2,3,123,At Risk / Lost
26850,1,2,3,123,At Risk / Lost
28458,1,2,3,123,At Risk / Lost
29502,1,2,3,123,At Risk / Lost
28569,1,2,2,122,At Risk / Lost
28868,1,2,2,122,At Risk / Lost
27200,1,2,2,122,At Risk / Lost
30574,1,2,2,122,At Risk / Lost
26758,1,2,2,122,At Risk / Lost
27822,1,2,2,122,At Risk / Lost
29901,1,2,2,122,At Risk / Lost
29654,1,2,2,122,At Risk / Lost
30382,1,2,2,122,At Risk / Lost
29736,1,2,2,122,At Risk / Lost
28638,1,2,2,122,At Risk / Lost
27072,1,2,2,122,At Risk / Lost
26724,1,2,2,122,At Risk / Lost
26358,1,2,2,122,At Risk / Lost
27973,1,2,2,122,At Risk / Lost
27359,1,2,2,122,At Risk / Lost
30074,1,2,2,122,At Risk / Lost
29023,1,2,2,122,At Risk / Lost
29738,1,2,2,122,At Risk / Lost
29906,1,2,2,122,At Risk / Lost
28024,1,2,2,122,At Risk / Lost
27853,1,2,2,122,At Risk / Lost
28594,1,2,2,122,At Risk / Lost
26399,1,2,2,122,At Risk / Lost
26439,1,2,2,122,At Risk / Lost
27462,1,2,2,122,At Risk / Lost
27276,1,2,2,122,At Risk / Lost
29659,1,2,2,122,At Risk / Lost
27712,1,2,2,122,At Risk / Lost
28278,1,2,2,122,At Risk / Lost
27053,1,2,2,122,At Risk / Lost
30139,1,2,2,122,At Risk / Lost
26878,1,2,2,122,At Risk / Lost
29740,1,2,2,122,At Risk / Lost
27091,1,2,2,122,At Risk / Lost
27141,1,2,2,122,At Risk / Lost
29757,1,2,2,122,At Risk / Lost
29945,1,2,2,122,At Risk / Lost
28461,1,2,2,122,At Risk / Lost
26858,1,2,2,122,At Risk / Lost
29416,1,2,2,122,At Risk / Lost
30536,1,2,2,122,At Risk / Lost
26860,1,2,2,122,At Risk / Lost
28874,1,2,2,122,At Risk / Lost
28134,1,2,2,122,At Risk / Lost
26939,1,2,2,122,At Risk / Lost
26763,1,2,2,122,At Risk / Lost
29517,1,2,2,122,At Risk / Lost
26537,1,2,2,122,At Risk / Lost
27969,1,2,2,122,At Risk / Lost
26454,1,2,2,122,At Risk / Lost
26275,1,2,2,122,At Risk / Lost
30211,1,2,2,122,At Risk / Lost
29456,1,2,2,122,At Risk / Lost
28138,1,2,2,122,At Risk / Lost
26287,1,2,2,122,At Risk / Lost
27951,1,2,2,122,At Risk / Lost
28934,1,2,2,122,At Risk / Lost
29912,1,2,2,122,At Risk / Lost
30580,1,2,2,122,At Risk / Lost
28606,1,2,2,122,At Risk / Lost
29067,1,2,2,122,At Risk / Lost
27869,1,2,2,122,At Risk / Lost
27584,1,2,2,122,At Risk / Lost
30117,1,2,2,122,At Risk / Lost
30497,1,2,2,122,At Risk / Lost
29990,1,2,2,122,At Risk / Lost
26385,1,2,2,122,At Risk / Lost
28911,1,2,2,122,At Risk / Lost
29679,1,2,2,122,At Risk / Lost
29689,1,2,2,122,At Risk / Lost
26302,1,2,2,122,At Risk / Lost
28487,1,2,2,122,At Risk / Lost
26300,1,2,2,122,At Risk / Lost
28371,1,2,2,122,At Risk / Lost
30019,1,2,2,122,At Risk / Lost
29444,1,2,2,122,At Risk / Lost
28732,1,2,2,122,At Risk / Lost
29493,1,2,2,122,At Risk / Lost
29667,1,2,2,122,At Risk / Lost
26280,1,2,2,122,At Risk / Lost
27134,1,2,2,122,At Risk / Lost
27084,1,2,2,122,At Risk / Lost
30594,1,2,2,122,At Risk / Lost
29535,1,2,2,122,At Risk / Lost
28416,1,2,2,122,At Risk / Lost
26536,1,2,2,122,At Risk / Lost
29941,1,2,2,122,At Risk / Lost
26281,1,2,2,122,At Risk / Lost
27988,1,2,2,122,At Risk / Lost
27922,1,2,2,122,At Risk / Lost
30446,1,2,2,122,At Risk / Lost
29299,1,2,2,122,At Risk / Lost
30508,1,2,2,122,At Risk / Lost
29238,1,2,2,122,At Risk / Lost
30461,1,2,2,122,At Risk / Lost
27223,1,2,2,122,At Risk / Lost
29054,1,2,2,122,At Risk / Lost
28100,1,2,2,122,At Risk / Lost
30637,1,2,2,122,At Risk / Lost
26784,1,2,2,122,At Risk / Lost
30116,1,2,2,122,At Risk / Lost
30346,1,2,2,122,At Risk / Lost
29804,1,2,2,122,At Risk / Lost
30530,1,2,2,122,At Risk / Lost
27912,1,2,2,122,At Risk / Lost
28034,1,2,2,122,At Risk / Lost
29327,1,2,2,122,At Risk / Lost
27345,1,2,2,122,At Risk / Lost
29393,1,2,2,122,At Risk / Lost
29488,1,2,2,122,At Risk / Lost
27041,1,2,2,122,At Risk / Lost
26601,1,2,2,122,At Risk / Lost
28044,1,2,2,122,At Risk / Lost
27775,1,2,2,122,At Risk / Lost
27404,1,2,2,122,At Risk / Lost
27279,1,2,2,122,At Risk / Lost
28894,1,2,2,122,At Risk / Lost
27089,1,2,2,122,At Risk / Lost
28411,1,2,2,122,At Risk / Lost
28671,1,2,2,122,At Risk / Lost
28474,1,2,2,122,At Risk / Lost
29233,1,2,2,122,At Risk / Lost
29059,1,2,2,122,At Risk / Lost
26627,1,2,2,122,At Risk / Lost
30616,1,2,2,122,At Risk / Lost
29751,1,2,2,122,At Risk / Lost
29169,1,2,2,122,At Risk / Lost
27987,1,2,2,122,At Risk / Lost
30601,1,2,2,122,At Risk / Lost
27135,1,2,2,122,At Risk / Lost
28550,1,2,2,122,At Risk / Lost
28339,1,2,2,122,At Risk / Lost
26805,1,2,2,122,At Risk / Lost
29367,1,2,2,122,At Risk / Lost
27613,1,2,2,122,At Risk / Lost
29562,1,2,2,122,At Risk / Lost
28642,1,2,2,122,At Risk / Lost
27196,1,2,2,122,At Risk / Lost
29062,1,2,2,122,At Risk / Lost
30255,1,2,2,122,At Risk / Lost
27938,1,2,2,122,At Risk / Lost
29133,1,2,2,122,At Risk / Lost
27469,1,2,2,122,At Risk / Lost
26895,1,2,2,122,At Risk / Lost
26606,1,2,2,122,At Risk / Lost
26428,1,2,2,122,At Risk / Lost
27342,1,2,2,122,At Risk / Lost
27639,1,2,2,122,At Risk / Lost
29749,1,2,2,122,At Risk / Lost
28380,1,2,2,122,At Risk / Lost
28297,1,2,2,122,At Risk / Lost
28443,1,2,2,122,At Risk / Lost
26770,1,2,2,122,At Risk / Lost
29709,1,2,2,122,At Risk / Lost
28515,1,2,2,122,At Risk / Lost
30575,1,2,2,122,At Risk / Lost
26946,1,2,2,122,At Risk / Lost
29291,1,2,2,122,At Risk / Lost
26734,1,2,2,122,At Risk / Lost
29340,1,2,2,122,At Risk / Lost
30458,1,2,2,122,At Risk / Lost
29779,1,2,2,122,At Risk / Lost
27608,1,2,2,122,At Risk / Lost
29658,1,2,2,122,At Risk / Lost
27023,1,2,2,122,At Risk / Lost
28137,1,2,2,122,At Risk / Lost
28771,1,2,2,122,At Risk / Lost
30431,1,2,2,122,At Risk / Lost
28492,1,2,2,122,At Risk / Lost
29433,1,2,2,122,At Risk / Lost
29330,1,2,2,122,At Risk / Lost
29269,1,2,2,122,At Risk / Lost
26914,1,2,2,122,At Risk / Lost
29778,1,2,2,122,At Risk / Lost
29445,1,2,2,122,At Risk / Lost
26303,1,2,2,122,At Risk / Lost
29055,1,2,2,122,At Risk / Lost
26994,1,2,2,122,At Risk / Lost
27677,1,2,2,122,At Risk / Lost
27322,1,2,2,122,At Risk / Lost
30467,1,2,2,122,At Risk / Lost
29575,1,2,2,122,At Risk / Lost
27871,1,2,2,122,At Risk / Lost
28682,1,2,2,122,At Risk / Lost
26290,1,2,2,122,At Risk / Lost
28366,1,2,2,122,At Risk / Lost
29977,1,2,2,122,At Risk / Lost
30573,1,2,2,122,At Risk / Lost
27251,1,2,2,122,At Risk / Lost
28512,1,2,2,122,At Risk / Lost
26561,1,2,2,122,At Risk / Lost
28397,1,2,2,122,At Risk / Lost
29100,1,2,2,122,At Risk / Lost
28923,1,2,2,122,At Risk / Lost
29702,1,2,2,122,At Risk / Lost
30337,1,2,2,122,At Risk / Lost
30230,1,2,2,122,At Risk / Lost
27742,1,2,2,122,At Risk / Lost
29292,1,2,2,122,At Risk / Lost
30059,1,2,2,122,At Risk / Lost
28779,1,2,2,122,At Risk / Lost
29678,1,2,2,122,At Risk / Lost
30412,1,2,2,122,At Risk / Lost
26283,1,2,2,122,At Risk / Lost
28161,1,2,2,122,At Risk / Lost
29122,1,2,2,122,At Risk / Lost
29025,1,2,2,122,At Risk / Lost
27801,1,2,2,122,At Risk / Lost
28205,1,2,2,122,At Risk / Lost
27488,1,2,2,122,At Risk / Lost
29395,1,2,2,122,At Risk / Lost
30110,1,2,2,122,At Risk / Lost
28999,1,2,2,122,At Risk / Lost
26731,1,2,2,122,At Risk / Lost
26421,1,2,2,122,At Risk / Lost
26771,1,2,2,122,At Risk / Lost
27113,1,2,2,122,At Risk / Lost
29516,1,2,2,122,At Risk / Lost
28559,1,2,2,122,At Risk / Lost
26461,1,2,2,122,At Risk / Lost
30375,1,2,2,122,At Risk / Lost
30466,1,2,2,122,At Risk / Lost
27081,1,2,2,122,At Risk / Lost
29839,1,2,2,122,At Risk / Lost
26451,1,2,2,122,At Risk / Lost
26623,1,2,2,122,At Risk / Lost
29496,1,2,2,122,At Risk / Lost
27066,1,2,2,122,At Risk / Lost
29693,1,2,2,122,At Risk / Lost
29508,1,2,2,122,At Risk / Lost
30429,1,2,2,122,At Risk / Lost
27124,1,2,2,122,At Risk / Lost
30644,1,2,2,122,At Risk / Lost
26696,1,2,2,122,At Risk / Lost
26503,1,2,2,122,At Risk / Lost
28214,1,2,2,122,At Risk / Lost
27934,1,2,2,122,At Risk / Lost
28917,1,2,2,122,At Risk / Lost
28611,1,2,2,122,At Risk / Lost
26357,1,2,2,122,At Risk / Lost
29004,1,2,2,122,At Risk / Lost
29553,1,2,2,122,At Risk / Lost
29786,1,2,2,122,At Risk / Lost
27849,1,2,2,122,At Risk / Lost
26819,1,2,2,122,At Risk / Lost
28408,1,2,2,122,At Risk / Lost
27689,1,2,2,122,At Risk / Lost
30193,1,2,2,122,At Risk / Lost
30111,1,2,2,122,At Risk / Lost
27256,1,2,2,122,At Risk / Lost
28592,1,2,2,122,At Risk / Lost
28379,1,2,2,122,At Risk / Lost
30132,1,2,2,122,At Risk / Lost
29775,1,2,2,122,At Risk / Lost
27917,1,2,2,122,At Risk / Lost
26273,1,2,2,122,At Risk / Lost
30351,1,2,2,122,At Risk / Lost
26814,1,2,2,122,At Risk / Lost
30237,1,2,2,122,At Risk / Lost
30097,1,2,2,122,At Risk / Lost
26619,1,2,2,122,At Risk / Lost
30044,1,2,1,121,At Risk / Lost
27100,1,2,1,121,At Risk / Lost
28555,1,2,1,121,At Risk / Lost
28567,1,2,1,121,At Risk / Lost
28558,1,2,1,121,At Risk / Lost
29853,1,2,1,121,At Risk / Lost
28219,1,2,1,121,At Risk / Lost
30465,1,2,1,121,At Risk / Lost
27670,1,2,1,121,At Risk / Lost
28240,1,2,1,121,At Risk / Lost
29052,1,2,1,121,At Risk / Lost
29352,1,2,1,121,At Risk / Lost
30355,1,2,1,121,At Risk / Lost
28585,1,2,1,121,At Risk / Lost
30146,1,2,1,121,At Risk / Lost
27978,1,2,1,121,At Risk / Lost
30596,1,2,1,121,At Risk / Lost
29348,1,2,1,121,At Risk / Lost
27812,1,2,1,121,At Risk / Lost
30327,1,2,1,121,At Risk / Lost
28183,1,2,1,121,At Risk / Lost
29966,1,2,1,121,At Risk / Lost
30180,1,2,1,121,At Risk / Lost
26377,1,2,1,121,At Risk / Lost
29049,1,2,1,121,At Risk / Lost
28712,1,2,1,121,At Risk / Lost
27191,1,2,1,121,At Risk / Lost
28040,1,2,1,121,At Risk / Lost
29981,1,2,1,121,At Risk / Lost
29478,1,2,1,121,At Risk / Lost
28282,1,2,1,121,At Risk / Lost
26869,1,2,1,121,At Risk / Lost
29479,1,2,1,121,At Risk / Lost
26535,1,2,1,121,At Risk / Lost
29569,1,2,1,121,At Risk / Lost
26552,1,2,1,121,At Risk / Lost
29548,1,2,1,121,At Risk / Lost
28313,1,2,1,121,At Risk / Lost
27207,1,2,1,121,At Risk / Lost
28450,1,2,1,121,At Risk / Lost
26487,1,2,1,121,At Risk / Lost
27865,1,2,1,121,At Risk / Lost
28979,1,2,1,121,At Risk / Lost
30453,1,2,1,121,At Risk / Lost
30572,1,2,1,121,At Risk / Lost
29783,1,2,1,121,At Risk / Lost
27814,1,2,1,121,At Risk / Lost
29551,1,2,1,121,At Risk / Lost
29061,1,2,1,121,At Risk / Lost
27595,1,2,1,121,At Risk / Lost
27035,1,2,1,121,At Risk / Lost
28136,1,2,1,121,At Risk / Lost
28778,1,2,1,121,At Risk / Lost
28785,1,2,1,121,At Risk / Lost
30297,1,2,1,121,At Risk / Lost
30632,1,2,1,121,At Risk / Lost
27573,1,2,1,121,At Risk / Lost
30377,1,2,1,121,At Risk / Lost
26779,1,2,1,121,At Risk / Lost
26590,1,2,1,121,At Risk / Lost
28236,1,2,1,121,At Risk / Lost
28850,1,2,1,121,At Risk / Lost
27602,1,2,1,121,At Risk / Lost
26560,1,2,1,121,At Risk / Lost
28300,1,2,1,121,At Risk / Lost
29075,1,2,1,121,At Risk / Lost
28560,1,2,1,121,At Risk / Lost
28903,1,2,1,121,At Risk / Lost
28210,1,2,1,121,At Risk / Lost
29442,1,2,1,121,At Risk / Lost
29002,1,2,1,121,At Risk / Lost
26682,1,2,1,121,At Risk / Lost
26886,1,2,1,121,At Risk / Lost
30558,1,2,1,121,At Risk / Lost
30245,1,2,1,121,At Risk / Lost
29172,1,2,1,121,At Risk / Lost
27351,1,2,1,121,At Risk / Lost
28062,1,2,1,121,At Risk / Lost
28878,1,2,1,121,At Risk / Lost
29622,1,2,1,121,At Risk / Lost
28463,1,2,1,121,At Risk / Lost
29285,1,2,1,121,At Risk / Lost
26388,1,2,1,121,At Risk / Lost
29141,1,2,1,121,At Risk / Lost
27758,1,2,1,121,At Risk / Lost
29584,1,2,1,121,At Risk / Lost
26925,1,2,1,121,At Risk / Lost
30003,1,2,1,121,At Risk / Lost
30593,1,2,1,121,At Risk / Lost
27056,1,2,1,121,At Risk / Lost
30488,1,2,1,121,At Risk / Lost
29880,1,2,1,121,At Risk / Lost
28788,1,2,1,121,At Risk / Lost
30597,1,2,1,121,At Risk / Lost
27513,1,2,1,121,At Risk / Lost
29019,1,2,1,121,At Risk / Lost
30242,1,2,1,121,At Risk / Lost
27634,1,2,1,121,At Risk / Lost
29930,1,2,1,121,At Risk / Lost
28289,1,2,1,121,At Risk / Lost
28103,1,2,1,121,At Risk / Lost
29875,1,2,1,121,At Risk / Lost
29159,1,2,1,121,At Risk / Lost
28650,1,2,1,121,At Risk / Lost
29260,1,2,1,121,At Risk / Lost
28653,1,2,1,121,At Risk / Lost
28845,1,2,1,121,At Risk / Lost
28690,1,2,1,121,At Risk / Lost
29635,1,2,1,121,At Risk / Lost
26848,1,2,1,121,At Risk / Lost
26705,1,2,1,121,At Risk / Lost
28964,1,2,1,121,At Risk / Lost
29307,1,2,1,121,At Risk / Lost
27055,1,2,1,121,At Risk / Lost
28897,1,2,1,121,At Risk / Lost
26988,1,2,1,121,At Risk / Lost
30082,1,2,1,121,At Risk / Lost
26406,1,2,1,121,At Risk / Lost
29841,1,2,1,121,At Risk / Lost
30584,1,2,1,121,At Risk / Lost
28952,1,2,1,121,At Risk / Lost
29427,1,2,1,121,At Risk / Lost
26648,1,2,1,121,At Risk / Lost
26851,1,2,1,121,At Risk / Lost
28355,1,2,1,121,At Risk / Lost
28946,1,2,1,121,At Risk / Lost
26492,1,2,1,121,At Risk / Lost
27358,1,2,1,121,At Risk / Lost
27472,1,2,1,121,At Risk / Lost
28251,1,2,1,121,At Risk / Lost
27473,1,2,1,121,At Risk / Lost
28150,1,2,1,121,At Risk / Lost
29034,1,2,1,121,At Risk / Lost
27394,1,2,1,121,At Risk / Lost
29186,1,2,1,121,At Risk / Lost
26967,1,2,1,121,At Risk / Lost
30223,1,2,1,121,At Risk / Lost
26507,1,2,1,121,At Risk / Lost
27856,1,2,1,121,At Risk / Lost
27179,1,2,1,121,At Risk / Lost
30635,1,2,1,121,At Risk / Lost
29345,1,2,1,121,At Risk / Lost
30056,1,2,1,121,At Risk / Lost
28548,1,2,1,121,At Risk / Lost
27376,1,2,1,121,At Risk / Lost
29046,1,2,1,121,At Risk / Lost
28133,1,2,1,121,At Risk / Lost
29785,1,2,1,121,At Risk / Lost
27790,1,2,1,121,At Risk / Lost
27335,1,2,1,121,At Risk / Lost
28010,1,2,1,121,At Risk / Lost
29277,1,2,1,121,At Risk / Lost
29877,1,2,1,121,At Risk / Lost
27892,1,2,1,121,At Risk / Lost
30182,1,2,1,121,At Risk / Lost
30424,1,2,1,121,At Risk / Lost
29868,1,2,1,121,At Risk / Lost
27391,1,2,1,121,At Risk / Lost
29476,1,2,1,121,At Risk / Lost
26585,1,2,1,121,At Risk / Lost
27007,1,2,1,121,At Risk / Lost
29259,1,2,1,121,At Risk / Lost
27401,1,2,1,121,At Risk / Lost
29950,1,2,1,121,At Risk / Lost
27344,1,2,1,121,At Risk / Lost
26514,1,2,1,121,At Risk / Lost
27085,1,2,1,121,At Risk / Lost
28421,1,2,1,121,At Risk / Lost
27466,1,2,1,121,At Risk / Lost
26736,1,2,1,121,At Risk / Lost
29708,1,2,1,121,At Risk / Lost
27766,1,2,1,121,At Risk / Lost
28470,1,2,1,121,At Risk / Lost
26995,1,2,1,121,At Risk / Lost
27126,1,2,1,121,At Risk / Lost
30207,1,2,1,121,At Risk / Lost
28973,1,2,1,121,At Risk / Lost
28341,1,2,1,121,At Risk / Lost
26367,1,2,1,121,At Risk / Lost
28694,1,2,1,121,At Risk / Lost
26873,1,2,1,121,At Risk / Lost
28500,1,2,1,121,At Risk / Lost
26633,1,2,1,121,At Risk / Lost
27213,1,2,1,121,At Risk / Lost
27722,1,2,1,121,At Risk / Lost
27970,1,2,1,121,At Risk / Lost
26353,1,2,1,121,At Risk / Lost
27152,1,2,1,121,At Risk / Lost
29197,1,2,1,121,At Risk / Lost
29743,1,2,1,121,At Risk / Lost
27995,1,2,1,121,At Risk / Lost
29406,1,2,1,121,At Risk / Lost
29069,1,2,1,121,At Risk / Lost
27548,1,1,3,113,At Risk / Lost
28132,1,1,3,113,At Risk / Lost
29306,1,1,3,113,At Risk / Lost
26831,1,1,3,113,At Risk / Lost
27061,1,1,3,113,At Risk / Lost
28334,1,1,3,113,At Risk / Lost
29824,1,1,3,113,At Risk / Lost
27470,1,1,3,113,At Risk / Lost
27140,1,1,3,113,At Risk / Lost
29834,1,1,3,113,At Risk / Lost
26413,1,1,3,113,At Risk / Lost
27588,1,1,3,113,At Risk / Lost
29567,1,1,3,113,At Risk / Lost
30039,1,1,3,113,At Risk / Lost
27557,1,1,3,113,At Risk / Lost
28866,1,1,3,113,At Risk / Lost
28314,1,1,3,113,At Risk / Lost
29557,1,1,3,113,At Risk / Lost
26720,1,1,3,113,At Risk / Lost
30470,1,1,3,113,At Risk / Lost
28394,1,1,3,113,At Risk / Lost
29460,1,1,3,113,At Risk / Lost
29390,1,1,3,113,At Risk / Lost
29911,1,1,2,112,At Risk / Lost
28955,1,1,2,112,At Risk / Lost
30277,1,1,2,112,At Risk / Lost
27374,1,1,2,112,At Risk / Lost
27986,1,1,2,112,At Risk / Lost
29747,1,1,2,112,At Risk / Lost
28707,1,1,2,112,At Risk / Lost
30045,1,1,2,112,At Risk / Lost
27289,1,1,2,112,At Risk / Lost
29429,1,1,2,112,At Risk / Lost
27132,1,1,2,112,At Risk / Lost
27069,1,1,2,112,At Risk / Lost
29214,1,1,2,112,At Risk / Lost
28549,1,1,2,112,At Risk / Lost
29360,1,1,2,112,At Risk / Lost
28557,1,1,2,112,At Risk / Lost
28740,1,1,2,112,At Risk / Lost
26888,1,1,2,112,At Risk / Lost
30567,1,1,2,112,At Risk / Lost
28006,1,1,2,112,At Risk / Lost
27039,1,1,2,112,At Risk / Lost
28496,1,1,2,112,At Risk / Lost
28363,1,1,2,112,At Risk / Lost
29276,1,1,2,112,At Risk / Lost
28296,1,1,2,112,At Risk / Lost
28711,1,1,2,112,At Risk / Lost
28073,1,1,2,112,At Risk / Lost
26960,1,1,2,112,At Risk / Lost
27043,1,1,2,112,At Risk / Lost
27626,1,1,2,112,At Risk / Lost
30256,1,1,2,112,At Risk / Lost
29552,1,1,2,112,At Risk / Lost
26901,1,1,2,112,At Risk / Lost
27414,1,1,2,112,At Risk / Lost
27931,1,1,2,112,At Risk / Lost
29167,1,1,2,112,At Risk / Lost
29833,1,1,2,112,At Risk / Lost
28257,1,1,2,112,At Risk / Lost
26529,1,1,2,112,At Risk / Lost
28967,1,1,2,112,At Risk / Lost
29380,1,1,2,112,At Risk / Lost
27145,1,1,2,112,At Risk / Lost
29810,1,1,2,112,At Risk / Lost
28524,1,1,2,112,At Risk / Lost
28978,1,1,2,112,At Risk / Lost
29135,1,1,2,112,At Risk / Lost
28697,1,1,2,112,At Risk / Lost
26659,1,1,2,112,At Risk / Lost
26962,1,1,2,112,At Risk / Lost
29573,1,1,2,112,At Risk / Lost
27291,1,1,2,112,At Risk / Lost
27363,1,1,2,112,At Risk / Lost
26658,1,1,2,112,At Risk / Lost
30306,1,1,2,112,At Risk / Lost
30560,1,1,2,112,At Risk / Lost
30058,1,1,2,112,At Risk / Lost
29613,1,1,2,112,At Risk / Lost
29441,1,1,2,112,At Risk / Lost
26291,1,1,2,112,At Risk / Lost
30040,1,1,2,112,At Risk / Lost
28427,1,1,2,112,At Risk / Lost
29970,1,1,2,112,At Risk / Lost
30170,1,1,2,112,At Risk / Lost
27295,1,1,2,112,At Risk / Lost
30069,1,1,2,112,At Risk / Lost
27937,1,1,2,112,At Risk / Lost
27080,1,1,2,112,At Risk / Lost
26744,1,1,2,112,At Risk / Lost
26747,1,1,2,112,At Risk / Lost
28155,1,1,2,112,At Risk / Lost
26728,1,1,2,112,At Risk / Lost
26628,1,1,2,112,At Risk / Lost
27312,1,1,2,112,At Risk / Lost
30285,1,1,2,112,At Risk / Lost
27643,1,1,2,112,At Risk / Lost
29849,1,1,2,112,At Risk / Lost
29932,1,1,2,112,At Risk / Lost
29092,1,1,2,112,At Risk / Lost
26288,1,1,2,112,At Risk / Lost
28907,1,1,2,112,At Risk / Lost
28824,1,1,2,112,At Risk / Lost
29821,1,1,2,112,At Risk / Lost
28605,1,1,2,112,At Risk / Lost
29703,1,1,2,112,At Risk / Lost
27198,1,1,2,112,At Risk / Lost
29525,1,1,2,112,At Risk / Lost
26594,1,1,2,112,At Risk / Lost
29776,1,1,2,112,At Risk / Lost
28204,1,1,2,112,At Risk / Lost
29958,1,1,2,112,At Risk / Lost
26774,1,1,2,112,At Risk / Lost
30600,1,1,2,112,At Risk / Lost
30126,1,1,2,112,At Risk / Lost
27693,1,1,2,112,At Risk / Lost
27509,1,1,2,112,At Risk / Lost
27777,1,1,2,112,At Risk / Lost
27094,1,1,2,112,At Risk / Lost
27682,1,1,2,112,At Risk / Lost
26641,1,1,2,112,At Risk / Lost
29542,1,1,2,112,At Risk / Lost
30085,1,1,2,112,At Risk / Lost
29239,1,1,2,112,At Risk / Lost
30271,1,1,2,112,At Risk / Lost
26483,1,1,2,112,At Risk / Lost
30190,1,1,2,112,At Risk / Lost
28532,1,1,2,112,At Risk / Lost
30537,1,1,2,112,At Risk / Lost
30636,1,1,2,112,At Risk / Lost
29472,1,1,2,112,At Risk / Lost
27806,1,1,2,112,At Risk / Lost
28529,1,1,2,112,At Risk / Lost
29030,1,1,2,112,At Risk / Lost
27642,1,1,2,112,At Risk / Lost
29855,1,1,2,112,At Risk / Lost
29174,1,1,2,112,At Risk / Lost
29712,1,1,2,112,At Risk / Lost
29241,1,1,2,112,At Risk / Lost
27297,1,1,2,112,At Risk / Lost
27633,1,1,2,112,At Risk / Lost
26975,1,1,2,112,At Risk / Lost
29471,1,1,2,112,At Risk / Lost
27441,1,1,2,112,At Risk / Lost
30184,1,1,2,112,At Risk / Lost
28367,1,1,2,112,At Risk / Lost
28582,1,1,2,112,At Risk / Lost
29716,1,1,2,112,At Risk / Lost
27840,1,1,2,112,At Risk / Lost
28370,1,1,2,112,At Risk / Lost
28199,1,1,2,112,At Risk / Lost
29171,1,1,2,112,At Risk / Lost
28302,1,1,2,112,At Risk / Lost
27095,1,1,2,112,At Risk / Lost
28572,1,1,2,112,At Risk / Lost
28465,1,1,2,112,At Risk / Lost
29662,1,1,2,112,At Risk / Lost
27868,1,1,2,112,At Risk / Lost
29071,1,1,2,112,At Risk / Lost
27448,1,1,2,112,At Risk / Lost
27164,1,1,2,112,At Risk / Lost
29134,1,1,2,112,At Risk / Lost
28154,1,1,2,112,At Risk / Lost
27201,1,1,2,112,At Risk / Lost
26365,1,1,2,112,At Risk / Lost
27737,1,1,2,112,At Risk / Lost
28757,1,1,2,112,At Risk / Lost
28830,1,1,2,112,At Risk / Lost
27033,1,1,2,112,At Risk / Lost
27919,1,1,2,112,At Risk / Lost
28982,1,1,2,112,At Risk / Lost
28494,1,1,2,112,At Risk / Lost
29353,1,1,2,112,At Risk / Lost
29157,1,1,2,112,At Risk / Lost
30520,1,1,2,112,At Risk / Lost
29714,1,1,2,112,At Risk / Lost
27432,1,1,2,112,At Risk / Lost
29897,1,1,2,112,At Risk / Lost
28170,1,1,2,112,At Risk / Lost
27366,1,1,2,112,At Risk / Lost
28904,1,1,2,112,At Risk / Lost
29949,1,1,2,112,At Risk / Lost
28310,1,1,2,112,At Risk / Lost
29521,1,1,2,112,At Risk / Lost
28657,1,1,2,112,At Risk / Lost
27245,1,1,2,112,At Risk / Lost
29308,1,1,2,112,At Risk / Lost
26761,1,1,2,112,At Risk / Lost
27759,1,1,2,112,At Risk / Lost
27051,1,1,2,112,At Risk / Lost
27014,1,1,2,112,At Risk / Lost
27467,1,1,2,112,At Risk / Lost
27011,1,1,2,112,At Risk / Lost
29526,1,1,2,112,At Risk / Lost
29303,1,1,2,112,At Risk / Lost
26311,1,1,2,112,At Risk / Lost
27348,1,1,1,111,At Risk / Lost
27189,1,1,1,111,At Risk / Lost
29742,1,1,1,111,At Risk / Lost
26853,1,1,1,111,At Risk / Lost
27400,1,1,1,111,At Risk / Lost
28422,1,1,1,111,At Risk / Lost
30590,1,1,1,111,At Risk / Lost
26349,1,1,1,111,At Risk / Lost
30025,1,1,1,111,At Risk / Lost
29940,1,1,1,111,At Risk / Lost
26647,1,1,1,111,At Risk / Lost
26932,1,1,1,111,At Risk / Lost
27485,1,1,1,111,At Risk / Lost
29246,1,1,1,111,At Risk / Lost
27008,1,1,1,111,At Risk / Lost
27171,1,1,1,111,At Risk / Lost
27194,1,1,1,111,At Risk / Lost
26297,1,1,1,111,At Risk / Lost
28058,1,1,1,111,At Risk / Lost
28805,1,1,1,111,At Risk / Lost
29082,1,1,1,111,At Risk / Lost
29645,1,1,1,111,At Risk / Lost
28035,1,1,1,111,At Risk / Lost
26672,1,1,1,111,At Risk / Lost
28536,1,1,1,111,At Risk / Lost
26737,1,1,1,111,At Risk / Lost
29475,1,1,1,111,At Risk / Lost
28329,1,1,1,111,At Risk / Lost
29618,1,1,1,111,At Risk / Lost
29120,1,1,1,111,At Risk / Lost
27577,1,1,1,111,At Risk / Lost
27396,1,1,1,111,At Risk / Lost
28432,1,1,1,111,At Risk / Lost
28706,1,1,1,111,At Risk / Lost
26685,1,1,1,111,At Risk / Lost
30144,1,1,1,111,At Risk / Lost
26570,1,1,1,111,At Risk / Lost
29920,1,1,1,111,At Risk / Lost
29644,1,1,1,111,At Risk / Lost
29604,1,1,1,111,At Risk / Lost
26430,1,1,1,111,At Risk / Lost
29895,1,1,1,111,At Risk / Lost
30611,1,1,1,111,At Risk / Lost
27499,1,1,1,111,At Risk / Lost
30393,1,1,1,111,At Risk / Lost
26614,1,1,1,111,At Risk / Lost
26919,1,1,1,111,At Risk / Lost
26937,1,1,1,111,At Risk / Lost
27001,1,1,1,111,At Risk / Lost
26713,1,1,1,111,At Risk / Lost
30004,1,1,1,111,At Risk / Lost
26446,1,1,1,111,At Risk / Lost
29314,1,1,1,111,At Risk / Lost
27501,1,1,1,111,At Risk / Lost
29205,1,1,1,111,At Risk / Lost
29016,1,1,1,111,At Risk / Lost
29498,1,1,1,111,At Risk / Lost
27516,1,1,1,111,At Risk / Lost
30378,1,1,1,111,At Risk / Lost
26792,1,1,1,111,At Risk / Lost
28232,1,1,1,111,At Risk / Lost
29715,1,1,1,111,At Risk / Lost
29774,1,1,1,111,At Risk / Lost
27918,1,1,1,111,At Risk / Lost
30071,1,1,1,111,At Risk / Lost
27115,1,1,1,111,At Risk / Lost
26935,1,1,1,111,At Risk / Lost
29687,1,1,1,111,At Risk / Lost
30356,1,1,1,111,At Risk / Lost
27648,1,1,1,111,At Risk / Lost
27560,1,1,1,111,At Risk / Lost
29468,1,1,1,111,At Risk / Lost
27678,1,1,1,111,At Risk / Lost
28531,1,1,1,111,At Risk / Lost
28193,1,1,1,111,At Risk / Lost
28475,1,1,1,111,At Risk / Lost
29961,1,1,1,111,At Risk / Lost
26459,1,1,1,111,At Risk / Lost
26295,1,1,1,111,At Risk / Lost
28502,1,1,1,111,At Risk / Lost
26521,1,1,1,111,At Risk / Lost
27385,1,1,1,111,At Risk / Lost
29349,1,1,1,111,At Risk / Lost
26460,1,1,1,111,At Risk / Lost
30335,1,1,1,111,At Risk / Lost
27819,1,1,1,111,At Risk / Lost
29022,1,1,1,111,At Risk / Lost
27049,1,1,1,111,At Risk / Lost
29665,1,1,1,111,At Risk / Lost
28047,1,1,1,111,At Risk / Lost
26351,1,1,1,111,At Risk / Lost
30505,1,1,1,111,At Risk / Lost
29769,1,1,1,111,At Risk / Lost
27305,1,1,1,111,At Risk / Lost
26694,1,1,1,111,At Risk / Lost
29733,1,1,1,111,At Risk / Lost
29585,1,1,1,111,At Risk / Lost
28937,1,1,1,111,At Risk / Lost
29563,1,1,1,111,At Risk / Lost
29289,1,1,1,111,At Risk / Lost
28343,1,1,1,111,At Risk / Lost
30221,1,1,1,111,At Risk / Lost
27559,1,1,1,111,At Risk / Lost
27111,1,1,1,111,At Risk / Lost
29782,1,1,1,111,At Risk / Lost
28447,1,1,1,111,At Risk / Lost
28735,1,1,1,111,At Risk / Lost
29110,1,1,1,111,At Risk / Lost
27996,1,1,1,111,At Risk / Lost
29203,1,1,1,111,At Risk / Lost
29183,1,1,1,111,At Risk / Lost
27108,1,1,1,111,At Risk / Lost
28337,1,1,1,111,At Risk / Lost
28333,1,1,1,111,At Risk / Lost
27263,1,1,1,111,At Risk / Lost
28577,1,1,1,111,At Risk / Lost
28783,1,1,1,111,At Risk / Lost
26369,1,1,1,111,At Risk / Lost
28162,1,1,1,111,At Risk / Lost
29283,1,1,1,111,At Risk / Lost
28281,1,1,1,111,At Risk / Lost
28910,1,1,1,111,At Risk / Lost
27329,1,1,1,111,At Risk / Lost
28106,1,1,1,111,At Risk / Lost
28891,1,1,1,111,At Risk / Lost
28787,1,1,1,111,At Risk / Lost
29641,1,1,1,111,At Risk / Lost
30545,1,1,1,111,At Risk / Lost
29378,1,1,1,111,At Risk / Lost
28116,1,1,1,111,At Risk / Lost
28387,1,1,1,111,At Risk / Lost
28856,1,1,1,111,At Risk / Lost
27553,1,1,1,111,At Risk / Lost
28835,1,1,1,111,At Risk / Lost
29029,1,1,1,111,At Risk / Lost
30100,1,1,1,111,At Risk / Lost
27195,1,1,1,111,At Risk / Lost
28853,1,1,1,111,At Risk / Lost
28506,1,1,1,111,At Risk / Lost
28317,1,1,1,111,At Risk / Lost
29914,1,1,1,111,At Risk / Lost
30397,1,1,1,111,At Risk / Lost
28459,1,1,1,111,At Risk / Lost
27362,1,1,1,111,At Risk / Lost
26591,1,1,1,111,At Risk / Lost
27829,1,1,1,111,At Risk / Lost
29818,1,1,1,111,At Risk / Lost
30199,1,1,1,111,At Risk / Lost
30339,1,1,1,111,At Risk / Lost
26408,1,1,1,111,At Risk / Lost
28538,1,1,1,111,At Risk / Lost
29411,1,1,1,111,At Risk / Lost
28597,1,1,1,111,At Risk / Lost
26727,1,1,1,111,At Risk / Lost
29261,1,1,1,111,At Risk / Lost
29011,1,1,1,111,At Risk / Lost
26412,1,1,1,111,At Risk / Lost
26517,1,1,1,111,At Risk / Lost
26954,1,1,1,111,At Risk / Lost
30338,1,1,1,111,At Risk / Lost
28588,1,1,1,111,At Risk / Lost
26982,1,1,1,111,At Risk / Lost
26320,1,1,1,111,At Risk / Lost
27476,1,1,1,111,At Risk / Lost
28144,1,1,1,111,At Risk / Lost
28071,1,1,1,111,At Risk / Lost
28351,1,1,1,111,At Risk / Lost
30340,1,1,1,111,At Risk / Lost
29065,1,1,1,111,At Risk / Lost
26322,1,1,1,111,At Risk / Lost
30154,1,1,1,111,At Risk / Lost
27903,1,1,1,111,At Risk / Lost
27654,1,1,1,111,At Risk / Lost
29180,1,1,1,111,At Risk / Lost
28126,1,1,1,111,At Risk / Lost
26723,1,1,1,111,At Risk / Lost
28225,1,1,1,111,At Risk / Lost
30291,1,1,1,111,At Risk / Lost
27564,1,1,1,111,At Risk / Lost
28198,1,1,1,111,At Risk / Lost
30319,1,1,1,111,At Risk / Lost
27500,1,1,1,111,At Risk / Lost
29530,1,1,1,111,At Risk / Lost
27618,1,1,1,111,At Risk / Lost
29258,1,1,1,111,At Risk / Lost
28433,1,1,1,111,At Risk / Lost
27436,1,1,1,111,At Risk / Lost
27711,1,1,1,111,At Risk / Lost
26798,1,1,1,111,At Risk / Lost
26833,1,1,1,111,At Risk / Lost
27074,1,1,1,111,At Risk / Lost
27614,1,1,1,111,At Risk / Lost
26466,1,1,1,111,At Risk / Lost
26816,1,1,1,111,At Risk / Lost
30171,1,1,1,111,At Risk / Lost
29931,1,1,1,111,At Risk / Lost
28552,1,1,1,111,At Risk / Lost
27661,1,1,1,111,At Risk / Lost
27537,1,1,1,111,At Risk / Lost
27980,1,1,1,111,At Risk / Lost
29857,1,1,1,111,At Risk / Lost
27274,1,1,1,111,At Risk / Lost
29974,1,1,1,111,At Risk / Lost
27936,1,1,1,111,At Risk / Lost
29181,1,1,1,111,At Risk / Lost
26418,1,1,1,111,At Risk / Lost
27004,1,1,1,111,At Risk / Lost
30372,1,1,1,111,At Risk / Lost
26453,1,1,1,111,At Risk / Lost
30543,1,1,1,111,At Risk / Lost
29792,1,1,1,111,At Risk / Lost
26354,1,1,1,111,At Risk / Lost
27767,1,1,1,111,At Risk / Lost
29652,1,1,1,111,At Risk / Lost
29099,1,1,1,111,At Risk / Lost
30123,1,1,1,111,At Risk / Lost
30189,1,1,1,111,At Risk / Lost
28929,1,1,1,111,At Risk / Lost
27520,1,1,1,111,At Risk / Lost
27173,1,1,1,111,At Risk / Lost
27403,1,1,1,111,At Risk / Lost
27669,1,1,1,111,At Risk / Lost
27861,1,1,1,111,At Risk / Lost
28852,1,1,1,111,At Risk / Lost
28699,1,1,1,111,At Risk / Lost
27785,1,1,1,111,At Risk / Lost
27418,1,1,1,111,At Risk / Lost
29886,1,1,1,111,At Risk / Lost
28227,1,1,1,111,At Risk / Lost
27961,1,1,1,111,At Risk / Lost
28383,1,1,1,111,At Risk / Lost
28972,1,1,1,111,At Risk / Lost
29664,1,1,1,111,At Risk / Lost
29194,1,1,1,111,At Risk / Lost
29903,1,1,1,111,At Risk / Lost
26868,1,1,1,111,At Risk / Lost
30577,1,1,1,111,At Risk / Lost
26721,1,1,1,111,At Risk / Lost
29596,1,1,1,111,At Risk / Lost
28215,1,1,1,111,At Risk / Lost
27989,1,1,1,111,At Risk / Lost
29603,1,1,1,111,At Risk / Lost
27464,1,1,1,111,At Risk / Lost
27676,1,1,1,111,At Risk / Lost
30007,1,1,1,111,At Risk / Lost
30376,1,1,1,111,At Risk / Lost
27375,1,1,1,111,At Risk / Lost
26700,1,1,1,111,At Risk / Lost
30070,1,1,1,111,At Risk / Lost
30606,1,1,1,111,At Risk / Lost
30160,1,1,1,111,At Risk / Lost
30361,1,1,1,111,At Risk / Lost
30425,1,1,1,111,At Risk / Lost
29515,1,1,1,111,At Risk / Lost
27215,1,1,1,111,At Risk / Lost
30524,1,1,1,111,At Risk / Lost
28121,1,1,1,111,At Risk / Lost
30145,1,1,1,111,At Risk / Lost
26598,1,1,1,111,At Risk / Lost
30120,1,1,1,111,At Risk / Lost
30399,1,1,1,111,At Risk / Lost
28417,1,1,1,111,At Risk / Lost
29976,1,1,1,111,At Risk / Lost
29894,1,1,1,111,At Risk / Lost
28147,1,1,1,111,At Risk / Lost
26617,1,1,1,111,At Risk / Lost
28601,1,1,1,111,At Risk / Lost
27273,1,1,1,111,At Risk / Lost
28543,1,1,1,111,At Risk / Lost
26996,1,1,1,111,At Risk / Lost
30112,1,1,1,111,At Risk / Lost
26887,1,1,1,111,At Risk / Lost
27511,1,1,1,111,At Risk / Lost
26331,1,1,1,111,At Risk / Lost
30095,1,1,1,111,At Risk / Lost
28951,1,1,1,111,At Risk / Lost
29121,1,1,1,111,At Risk / Lost
28201,1,1,1,111,At Risk / Lost
26943,1,1,1,111,At Risk / Lost
30486,1,1,1,111,At Risk / Lost
27434,1,1,1,111,At Risk / Lost
29423,1,1,1,111,At Risk / Lost
29864,1,1,1,111,At Risk / Lost
27908,1,1,1,111,At Risk / Lost
29697,1,1,1,111,At Risk / Lost
29279,1,1,1,111,At Risk / Lost
26491,1,1,1,111,At Risk / Lost
28715,1,1,1,111,At Risk / Lost
26849,1,1,1,111,At Risk / Lost
27697,1,1,1,111,At Risk / Lost
30440,1,1,1,111,At Risk / Lost
30390,1,1,1,111,At Risk / Lost
26352,1,1,1,111,At Risk / Lost
28616,1,1,1,111,At Risk / Lost
27894,1,1,1,111,At Risk / Lost
29287,1,1,1,111,At Risk / Lost
27862,1,1,1,111,At Risk / Lost
27609,1,1,1,111,At Risk / Lost
26829,1,1,1,111,At Risk / Lost
30196,1,1,1,111,At Risk / Lost
28440,1,1,1,111,At Risk / Lost
27847,1,1,1,111,At Risk / Lost
28330,1,1,1,111,At Risk / Lost
27649,1,1,1,111,At Risk / Lost
26574,1,1,1,111,At Risk / Lost
27780,1,1,1,111,At Risk / Lost
26980,1,1,1,111,At Risk / Lost
28816,1,1,1,111,At Risk / Lost
30072,1,1,1,111,At Risk / Lost
28295,1,1,1,111,At Risk / Lost
28505,1,1,1,111,At Risk / Lost
28037,1,1,1,111,At Risk / Lost
28395,1,1,1,111,At Risk / Lost
29474,1,1,1,111,At Risk / Lost
28847,1,1,1,111,At Risk / Lost
28534,1,1,1,111,At Risk / Lost
26443,1,1,1,111,At Risk / Lost
29799,1,1,1,111,At Risk / Lost
28751,1,1,1,111,At Risk / Lost
28009,1,1,1,111,At Risk / Lost
26600,1,1,1,111,At Risk / Lost
27339,1,1,1,111,At Risk / Lost
30459,1,1,1,111,At Risk / Lost
28410,1,1,1,111,At Risk / Lost
27083,1,1,1,111,At Risk / Lost
28776,1,1,1,111,At Risk / Lost
28970,1,1,1,111,At Risk / Lost
29271,1,1,1,111,At Risk / Lost
29407,1,1,1,111,At Risk / Lost
26524,1,1,1,111,At Risk / Lost
30187,1,1,1,111,At Risk / Lost
28940,1,1,1,111,At Risk / Lost
27748,1,1,1,111,At Risk / Lost
30506,1,1,1,111,At Risk / Lost
28139,1,1,1,111,At Risk / Lost
30041,1,1,1,111,At Risk / Lost
26745,1,1,1,111,At Risk / Lost
27517,1,1,1,111,At Risk / Lost
29620,1,1,1,111,At Risk / Lost
27906,1,1,1,111,At Risk / Lost
27319,1,1,1,111,At Risk / Lost
28293,1,1,1,111,At Risk / Lost
29254,1,1,1,111,At Risk / Lost
29794,1,1,1,111,At Risk / Lost
30198,1,1,1,111,At Risk / Lost
27430,1,1,1,111,At Risk / Lost
30595,1,1,1,111,At Risk / Lost
29919,1,1,1,111,At Risk / Lost
27650,1,1,1,111,At Risk / Lost
26900,1,1,1,111,At Risk / Lost
28413,1,1,1,111,At Risk / Lost
26913,1,1,1,111,At Risk / Lost
30295,1,1,1,111,At Risk / Lost
26382,1,1,1,111,At Risk / Lost
30457,1,1,1,111,At Risk / Lost
28039,1,1,1,111,At Risk / Lost
30089,1,1,1,111,At Risk / Lost
28521,1,1,1,111,At Risk / Lost
26644,1,1,1,111,At Risk / Lost
30608,1,1,1,111,At Risk / Lost
27774,1,1,1,111,At Risk / Lost
28720,1,1,1,111,At Risk / Lost
30526,1,1,1,111,At Risk / Lost
27429,1,1,1,111,At Risk / Lost
28213,1,1,1,111,At Risk / Lost
27949,1,1,1,111,At Risk / Lost
30432,1,1,1,111,At Risk / Lost
28922,1,1,1,111,At Risk / Lost
28854,1,1,1,111,At Risk / Lost
28596,1,1,1,111,At Risk / Lost
29657,1,1,1,111,At Risk / Lost
29043,1,1,1,111,At Risk / Lost
27716,1,1,1,111,At Risk / Lost
26305,1,1,1,111,At Risk / Lost
29993,1,1,1,111,At Risk / Lost
28803,1,1,1,111,At Risk / Lost
28400,1,1,1,111,At Risk / Lost
29295,1,1,1,111,At Risk / Lost
26539,1,1,1,111,At Risk / Lost
26898,1,1,1,111,At Risk / Lost
30088,1,1,1,111,At Risk / Lost
26548,1,1,1,111,At Risk / Lost
27518,1,1,1,111,At Risk / Lost
29866,1,1,1,111,At Risk / Lost
30552,1,1,1,111,At Risk / Lost
28056,1,1,1,111,At Risk / Lost
29428,1,1,1,111,At Risk / Lost
27510,1,1,1,111,At Risk / Lost
27652,1,1,1,111,At Risk / Lost
28593,1,1,1,111,At Risk / Lost
30592,1,1,1,111,At Risk / Lost
26661,1,1,1,111,At Risk / Lost
27103,1,1,1,111,At Risk / Lost
26604,1,1,1,111,At Risk / Lost
27589,1,1,1,111,At Risk / Lost
27290,1,1,1,111,At Risk / Lost
30232,1,1,1,111,At Risk / Lost
29104,1,1,1,111,At Risk / Lost
27701,1,1,1,111,At Risk / Lost
28402,1,1,1,111,At Risk / Lost
29422,1,1,1,111,At Risk / Lost
27313,1,1,1,111,At Risk / Lost
27244,1,1,1,111,At Risk / Lost
30293,1,1,1,111,At Risk / Lost
27131,1,1,1,111,At Risk / Lost
26683,1,1,1,111,At Risk / Lost
28992,1,1,1,111,At Risk / Lost
29642,1,1,1,111,At Risk / Lost
26759,1,1,1,111,At Risk / Lost
29337,1,1,1,111,At Risk / Lost
29089,1,1,1,111,At Risk / Lost
28965,1,1,1,111,At Risk / Lost
27415,1,1,1,111,At Risk / Lost
28041,1,1,1,111,At Risk / Lost
27102,1,1,1,111,At Risk / Lost
28993,1,1,1,111,At Risk / Lost
27547,1,1,1,111,At Risk / Lost
28784,1,1,1,111,At Risk / Lost
26392,1,1,1,111,At Risk / Lost
29328,1,1,1,111,At Risk / Lost
27783,1,1,1,111,At Risk / Lost
29032,1,1,1,111,At Risk / Lost
26754,1,1,1,111,At Risk / Lost
29300,1,1,1,111,At Risk / Lost
28598,1,1,1,111,At Risk / Lost
27521,1,1,1,111,At Risk / Lost
29890,1,1,1,111,At Risk / Lost
28438,1,1,1,111,At Risk / Lost
26339,1,1,1,111,At Risk / Lost
29210,1,1,1,111,At Risk / Lost
28562,1,1,1,111,At Risk / Lost
30417,1,1,1,111,At Risk / Lost
29723,1,1,1,111,At Risk / Lost
26977,1,1,1,111,At Risk / Lost
30286,1,1,1,111,At Risk / Lost
27148,1,1,1,111,At Risk / Lost
26370,1,1,1,111,At Risk / Lost
26538,1,1,1,111,At Risk / Lost
27846,1,1,1,111,At Risk / Lost
28683,1,1,1,111,At Risk / Lost
30220,1,1,1,111,At Risk / Lost
26277,1,1,1,111,At Risk / Lost
29556,1,1,1,111,At Risk / Lost
27377,1,1,1,111,At Risk / Lost
28906,1,1,1,111,At Risk / Lost
30026,1,1,1,111,At Risk / Lost
29332,1,1,1,111,At Risk / Lost
28477,1,1,1,111,At Risk / Lost
30387,1,1,1,111,At Risk / Lost
29672,1,1,1,111,At Risk / Lost
27445,1,1,1,111,At Risk / Lost
27506,1,1,1,111,At Risk / Lost
27607,1,1,1,111,At Risk / Lost
26978,1,1,1,111,At Risk / Lost
29450,1,1,1,111,At Risk / Lost
30279,1,1,1,111,At Risk / Lost
27808,1,1,1,111,At Risk / Lost
30013,1,1,1,111,At Risk / Lost
30496,1,1,1,111,At Risk / Lost
28187,1,1,1,111,At Risk / Lost
29163,1,1,1,111,At Risk / Lost
27185,1,1,1,111,At Risk / Lost
30357,1,1,1,111,At Risk / Lost
28584,1,1,1,111,At Risk / Lost
30029,1,1,1,111,At Risk / Lost
26543,1,1,1,111,At Risk / Lost
26865,1,1,1,111,At Risk / Lost
26916,1,1,1,111,At Risk / Lost
29339,1,1,1,111,At Risk / Lost
27940,1,1,1,111,At Risk / Lost
26645,1,1,1,111,At Risk / Lost
29129,1,1,1,111,At Risk / Lost
26920,1,1,1,111,At Risk / Lost
26555,1,1,1,111,At Risk / Lost
27658,1,1,1,111,At Risk / Lost
26308,1,1,1,111,At Risk / Lost
28212,1,1,1,111,At Risk / Lost
29074,1,1,1,111,At Risk / Lost
30216,1,1,1,111,At Risk / Lost
26923,1,1,1,111,At Risk / Lost
26500,1,1,1,111,At Risk / Lost
28156,1,1,1,111,At Risk / Lost
27147,1,1,1,111,At Risk / Lost
26897,1,1,1,111,At Risk / Lost
26969,1,1,1,111,At Risk / Lost
28747,1,1,1,111,At Risk / Lost
26427,1,1,1,111,At Risk / Lost
29436,1,1,1,111,At Risk / Lost
27727,1,1,1,111,At Risk / Lost
29915,1,1,1,111,At Risk / Lost
26874,1,1,1,111,At Risk / Lost
30114,1,1,1,111,At Risk / Lost
28739,1,1,1,111,At Risk / Lost
26595,1,1,1,111,At Risk / Lost
27439,1,1,1,111,At Risk / Lost
28958,1,1,1,111,At Risk / Lost
26350,1,1,1,111,At Risk / Lost
27219,1,1,1,111,At Risk / Lost
30129,1,1,1,111,At Risk / Lost
28514,1,1,1,111,At Risk / Lost
27733,1,1,1,111,At Risk / Lost
27606,1,1,1,111,At Risk / Lost
28109,1,1,1,111,At Risk / Lost
28196,1,1,1,111,At Risk / Lost
27047,1,1,1,111,At Risk / Lost
28774,1,1,1,111,At Risk / Lost
29828,1,1,1,111,At Risk / Lost
26979,1,1,1,111,At Risk / Lost
29389,1,1,1,111,At Risk / Lost
28626,1,1,1,111,At Risk / Lost
29164,1,1,1,111,At Risk / Lost
29396,1,1,1,111,At Risk / Lost
29772,1,1,1,111,At Risk / Lost
28171,1,1,1,111,At Risk / Lost
29586,1,1,1,111,At Risk / Lost
26854,1,1,1,111,At Risk / Lost
28261,1,1,1,111,At Risk / Lost
29201,1,1,1,111,At Risk / Lost
30227,1,1,1,111,At Risk / Lost
28806,1,1,1,111,At Risk / Lost
28570,1,1,1,111,At Risk / Lost
29570,1,1,1,111,At Risk / Lost
29118,1,1,1,111,At Risk / Lost
28985,1,1,1,111,At Risk / Lost
29801,1,1,1,111,At Risk / Lost
29383,1,1,1,111,At Risk / Lost
29452,1,1,1,111,At Risk / Lost
28872,1,1,1,111,At Risk / Lost
26293,1,1,1,111,At Risk / Lost
29546,1,1,1,111,At Risk / Lost
30563,1,1,1,111,At Risk / Lost
28409,1,1,1,111,At Risk / Lost
30214,1,1,1,111,At Risk / Lost
27122,1,1,1,111,At Risk / Lost
28490,1,1,1,111,At Risk / Lost
27545,1,1,1,111,At Risk / Lost
27921,1,1,1,111,At Risk / Lost
26739,1,1,1,111,At Risk / Lost
28191,1,1,1,111,At Risk / Lost
28956,1,1,1,111,At Risk / Lost
27718,1,1,1,111,At Risk / Lost
30406,1,1,1,111,At Risk / Lost
29576,1,1,1,111,At Risk / Lost
26531,1,1,1,111,At Risk / Lost
28624,1,1,1,111,At Risk / Lost
28908,1,1,1,111,At Risk / Lost
27180,1,1,1,111,At Risk / Lost
27635,1,1,1,111,At Risk / Lost
29904,1,1,1,111,At Risk / Lost
28714,1,1,1,111,At Risk / Lost
30136,1,1,1,111,At Risk / Lost
29382,1,1,1,111,At Risk / Lost
27086,1,1,1,111,At Risk / Lost
28250,1,1,1,111,At Risk / Lost
28083,1,1,1,111,At Risk / Lost
27159,1,1,1,111,At Risk / Lost
28174,1,1,1,111,At Risk / Lost
28801,1,1,1,111,At Risk / Lost
27745,1,1,1,111,At Risk / Lost
26692,1,1,1,111,At Risk / Lost
30621,1,1,1,111,At Risk / Lost
30638,1,1,1,111,At Risk / Lost
30370,1,1,1,111,At Risk / Lost
28928,1,1,1,111,At Risk / Lost
26518,1,1,1,111,At Risk / Lost
29031,1,1,1,111,At Risk / Lost
29281,1,1,1,111,At Risk / Lost
27888,1,1,1,111,At Risk / Lost
28938,1,1,1,111,At Risk / Lost
30118,1,1,1,111,At Risk / Lost
26772,1,1,1,111,At Risk / Lost
26732,1,1,1,111,At Risk / Lost
30566,1,1,1,111,At Risk / Lost
29695,1,1,1,111,At Risk / Lost
29933,1,1,1,111,At Risk / Lost
28909,1,1,1,111,At Risk / Lost
30037,1,1,1,111,At Risk / Lost
28234,1,1,1,111,At Risk / Lost
28384,1,1,1,111,At Risk / Lost
26952,1,1,1,111,At Risk / Lost
28826,1,1,1,111,At Risk / Lost
29511,1,1,1,111,At Risk / Lost
28308,1,1,1,111,At Risk / Lost
29852,1,1,1,111,At Risk / Lost
26375,1,1,1,111,At Risk / Lost
26667,1,1,1,111,At Risk / Lost
28986,1,1,1,111,At Risk / Lost
29438,1,1,1,111,At Risk / Lost
29275,1,1,1,111,At Risk / Lost
28702,1,1,1,111,At Risk / Lost
27514,1,1,1,111,At Risk / Lost
27680,1,1,1,111,At Risk / Lost
27419,1,1,1,111,At Risk / Lost
29737,1,1,1,111,At Risk / Lost
28145,1,1,1,111,At Risk / Lost
27210,1,1,1,111,At Risk / Lost
26840,1,1,1,111,At Risk / Lost
30000,1,1,1,111,At Risk / Lost
27168,1,1,1,111,At Risk / Lost
27760,1,1,1,111,At Risk / Lost
27896,1,1,1,111,At Risk / Lost
29063,1,1,1,111,At Risk / Lost
27524,1,1,1,111,At Risk / Lost
28821,1,1,1,111,At Risk / Lost
30258,1,1,1,111,At Risk / Lost
28101,1,1,1,111,At Risk / Lost
29146,1,1,1,111,At Risk / Lost
27944,1,1,1,111,At Risk / Lost
26488,1,1,1,111,At Risk / Lost
29997,1,1,1,111,At Risk / Lost
